Subject,Research Topic,Key Concepts,Step-by-Step Procedures,Common Mistakes and Fixes,Robotics and Articulated Object Examples,Blender Hacks and Pro Tips,Sources,Error
"Blender Object Origin and Pivot Point: complete guide covering world center vs object center, how to set origin to geometry vs 3D cursor vs center of mass, affect only origins mode, snapping origin to specific vertices/edges for mechanical joints, common mistakes when origins are in wrong place, and how wrong origins break physics simulations in Isaac Sim",Blender Object Origin and Pivot Point for Robotics Simulation and Isaac Sim Workflows,"The **object origin** in Blender is a fundamental concept, representing the central point of an object in 3D space. It dictates the object's position and serves as the pivot for all transformations, including translation, rotation, and scaling. When an object is selected, its origin is visually marked by a small dot, whose color indicates the object's selection status: yellow for active, orange for selected but not active, white for unlinked and unselected, turquoise for linked, and light turquoise for selected and linked but not active. The precise placement of an object's origin is paramount for accurate modeling, animation, and particularly for realistic physics simulations in environments like Isaac Sim, where incorrect origin placement can lead to unpredictable and erroneous physical behaviors.

Blender offers various methods to **set the object origin**, providing flexibility to align it with different reference points. These methods include `Origin to Geometry`, which centers the origin within the object's bounding box; `Origin to 3D Cursor`, which allows for highly precise placement by first positioning the 3D cursor at a desired location (e.g., a specific vertex, edge midpoint, or joint axis); and `Origin to Center of Mass`, which places the origin at the calculated center of mass of the model, assuming a uniform density. The strategic selection of these methods is crucial for achieving the desired kinematic and dynamic properties, especially for articulated robotic components where the origin often defines the rotational axis of a joint.

The concept of a **pivot point** in Blender is closely related to the object origin but refers more broadly to the point around which transformations occur during editing. While the object origin is a persistent property, the pivot point can be dynamically adjusted. The `Affect Only Origins` mode is an advanced feature that enables direct manipulation of an object's origin without altering its geometry. This mode is invaluable for fine-tuning the pivot points of complex articulated structures, such as robotic arms or grippers, ensuring that their joints rotate correctly. In the context of robotics simulation, particularly with platforms like Isaac Sim, the object origin directly influences how the simulation engine interprets joint axes and collision geometry. A misaligned origin can result in physics simulations that exhibit incorrect rotations, translations, or even cause objects to behave erratically, highlighting the critical importance of meticulous origin management for robust and accurate robotic simulations.","1.  **Centering the Origin to the Object's Geometry:**
    *   Ensure you are in **Object Mode** and have your object selected.
    *   Go to **`Object` > `Set Origin` > `Origin to Geometry`**.

2.  **Moving the Origin to the 3D Cursor:**
    *   Select your object and enter **Edit Mode** (`TAB`).
    *   Select the specific geometry (e.g., two vertices for a midpoint, or a face for its center) where you want the new origin to be.
    *   Open the Snap menu (`Shift + S`) and choose **`Cursor to Selected`**. This moves the 3D Cursor to your exact selection.
    *   Return to **Object Mode** (`TAB`).
    *   Go to **`Object` > `Set Origin` > `Origin to 3D Cursor`**. The origin point will now snap to the location of the 3D Cursor.

3.  **Moving the Origin to the Center of Mass:**
    *   Ensure you are in **Object Mode** and have your object selected.
    *   Go to **`Object` > `Set Origin` > `Origin to Center of Mass`**. This moves the origin to the calculated center of mass of the model, assuming uniform density.

4.  **Directly Transforming the Origin using ""Affect Only Origins"" (Blender 2.81+):**
    *   Ensure you are in **Object Mode**.
    *   In the 3D Viewport, open the **Sidebar** (press `N`).
    *   Navigate to the **`Tool` tab**.
    *   Under **`Options` > `Transform`**, enable **`Affect Only Origins`** (or use `Ctrl + Period`).
    *   Now, you can use the standard transform tools (Move `G`, Rotate `R`, Scale `S`) to directly manipulate the object's origin without affecting its geometry.
    *   Remember to disable **`Affect Only Origins`** after you are done to resume normal object transformations.","Problem: Object origin doesn't follow physics simulation, causing cameras to look at the initial origin point instead of the object's current position. | Fix: Ensure that the object's origin is correctly set and that the physics engine is configured to use the object's center of mass for calculations, if applicable. In Isaac Sim, pivots are not directly supported by the Physics API, so the origin's position is critical for accurate simulation.
Problem: Applying location transforms moves the object's origin to the center of the scene, or prevents the origin from moving with the geometry. | Fix: When applying transforms, avoid applying location if you want the origin to remain with the object's geometry. Instead, apply only rotation and scale. If the origin is misplaced after applying transforms, use `Object > Set Origin > Origin to Geometry` to recenter it.
Problem: Articulated objects (like robot arms or doors) do not rotate correctly around their joints in Isaac Sim after importing from Blender. | Fix: The origin point in Blender often defines the pivot point for joints in simulation environments. Ensure that the object's origin is precisely placed at the rotational axis of the joint in Blender before exporting to Isaac Sim. Use `Origin to 3D Cursor` after snapping the 3D cursor to the desired joint center.
Problem: Objects fall through the ground or exhibit inconsistent physics behavior in Isaac Sim. | Fix: Incorrect origin placement can lead to miscalculation of collision geometry and center of mass. Verify that the origin is at a sensible location relative to the object's geometry, especially for collision shapes. Also, ensure that the USD export from Blender correctly translates the origin information for Isaac Sim's physics engine.","In robotics simulation, particularly when using platforms like Isaac Sim, the precise placement of an object's origin in Blender is paramount for accurate and realistic behavior of articulated objects. For a **robot arm**, each joint (e.g., shoulder, elbow, wrist) must have its origin precisely aligned with the rotational axis of that joint. If the origin of a robot arm segment is not correctly placed at the pivot point, the arm will rotate off-axis, leading to unrealistic movements, incorrect kinematics, and ultimately, failed simulations. For instance, if the origin of an upper arm link is not at the center of its rotational joint with the shoulder, any rotation applied to that link will cause it to swing in an arc rather than rotating in place, making accurate control and path planning impossible.

Similarly, for **grippers**, the origin of each finger or jaw component needs to be set at its respective pivot point to ensure proper opening and closing actions. A misaligned origin would cause the gripper fingers to move erratically or intersect with each other, preventing effective grasping. For common household objects like **doors and cabinets**, the origin of the door or cabinet panel must be placed exactly along the hinge line. If the origin is offset, the door will not swing open correctly; instead, it might translate or rotate around an incorrect point, breaking the physical realism of the simulation. In Isaac Sim, these origin points directly translate to the joint axes, and any discrepancy in Blender will manifest as incorrect joint behavior, collision issues, or even objects falling apart during physics simulations. Therefore, meticulous attention to origin placement for every movable component of a robotic system or articulated object is a critical step in preparing assets for robust and accurate simulations.","Tip: Use the 3D Cursor as an intermediary reference point for precise origin placement. By snapping the 3D Cursor to specific geometry (e.g., vertices, edge midpoints) in Edit Mode, you can then accurately set the object's origin to the 3D Cursor in Object Mode, gaining complete control over the new origin point.
Tip: When dealing with linked duplicates or instances, be cautious when using `Affect Only Origins` as it transforms the object-data, which may unintentionally move linked duplicates. For temporary pivot point adjustments, consider using the 3D cursor instead.
Tip: For articulated objects like robot arms or doors, always ensure the origin is precisely placed at the rotational axis of the joint. This is crucial for realistic movement and accurate physics simulations in environments like Isaac Sim. You can achieve this by snapping the 3D cursor to the desired joint center in Edit Mode and then setting the origin to the 3D cursor.
Tip: To quickly move the origin point without affecting the geometry, enable `Affect Only Origins` in the Tool Settings Options (found in the N-panel under the Tool tab in Object Mode). This allows you to use the standard transform tools (G, R, S) to manipulate only the origin.","https://docs.blender.org/manual/en/latest/scene_layout/object/origin.html | Object Origin - Blender 5.1 Manual
https://www.youtube.com/watch?v=07rSFBpsW9k | [3.2] Blender Tutorial: Change Pivot Point or Origin of an Object
https://docs.blender.org/manual/en/2.81/scene_layout/object/editing/transform/control/options.html | Transform Options — Blender Manual
https://forums.developer.nvidia.com/t/axis-and-transform-change-drastically-when-pressing-play-simulation/290553 | Axis and transform change drastically when pressing 'play simulation' - Omniverse / Isaac Sim - NVIDIA Developer Forums",
"Blender Parent-Child Hierarchy: complete troubleshooting guide covering Ctrl+P parenting types (object, bone, vertex), why child objects jump or scale wrong after parenting, the critical importance of applying transforms before parenting, parent inverse matrix, Clear Parent vs Keep Transform, using Empty objects as hierarchy anchors, and best practices for complex assemblies like robot arms",Blender Parent-Child Hierarchy: Troubleshooting and Best Practices for Robotics Simulation,"Parenting in Blender establishes a hierarchical relationship between objects, where one object (the **parent**) controls the transformations (location, rotation, scale) of other objects (the **children**). When the parent is transformed, its children are also transformed relative to the parent. However, children can still be transformed independently of their parent. This relationship is crucial for organizing complex scenes and creating articulated models like robots.

There are several types of parenting in Blender:

*   **Object Parenting:** This is the most common type. The child objects inherit the transformations of the parent object. The parent can be any object type. When parenting, the last selected object becomes the parent, and all other selected objects become children.
*   **Bone Parenting:** This allows an object to be parented to a specific bone within an armature. The child object will only move if the specific bone it's parented to moves. This is fundamental for character rigging and mechanical assemblies.
    *   **Bone Relative Parenting:** An option for bone parenting where if the parent bone is moved in Edit Mode, the child objects will *not* snap to the new location of the pose bone when switching back to Pose Mode. This provides more control over the child's position relative to the bone's edited state.
*   **Vertex Parenting:** This allows an object to be parented to one or three vertices of a mesh. The child object will move with the deformation of the parent mesh's chosen vertex/vertices. This is useful for attaching small details to deforming surfaces.

**Parent Inverse Matrix:** When objects are parented using `Ctrl+P`, Blender stores a hidden **Parent Inverse** matrix. This matrix allows the child object's local transformations (location, rotation, scale) to be interpreted in world space, effectively maintaining its world position even after parenting. This is why, by default, a child object does not immediately jump to the parent's origin upon parenting. If parenting is done without this matrix (e.g., using `Shift+Ctrl+P` or certain options), the child's properties are evaluated in the parent's coordinate system, which can be useful for CAD purposes.

**Clear Parent vs. Clear and Keep Transformation:**
*   **Clear Parent:** This option removes the parenting relationship. However, the child objects will revert to their original transformations (location, rotation, scale) they had *before* being parented, often causing them to jump to an unexpected location.
*   **Clear and Keep Transformation:** This is the recommended method for unparenting. It removes the parenting relationship but preserves the child object's current world-space transformations, ensuring it stays in its current position, rotation, and scale.

**Applying Transforms:** It is critically important to **apply transforms** (Location, Rotation, Scale) to objects *before* parenting them. Unapplied transforms can lead to unexpected behavior, such as child objects jumping or scaling incorrectly, especially when dealing with complex hierarchies or exporting to other software. Applying transforms essentially resets an object's local transform values to their default (location 0,0,0, rotation 0,0,0, scale 1,1,1) while keeping its visual appearance and world-space position. This ensures that the parent-child relationship is established based on clean, consistent data.

**Empty Objects as Hierarchy Anchors:** Empty objects are non-rendering objects that are often used as organizational tools in Blender. They can serve as excellent **hierarchy anchors** or control points in complex assemblies. By parenting groups of objects to Empties, you can create logical groupings and control their transformations without affecting the individual objects directly. This is particularly useful for robotics, where different parts of a robot arm might be parented to Empties that represent joints or links.","1.  **To Parent Objects (Object Parenting):**
    *   Select the child object(s) first (Shift-LMB click).
    *   Select the parent object last (Shift-LMB click). The parent object will have a lighter orange outline.
    *   Press `Ctrl+P`.
    *   From the Set Parent To menu, choose **Object**.

2.  **To Parent Objects (Object Keep Transform):**
    *   Select the child object(s) first.
    *   Select the parent object last.
    *   Press `Ctrl+P`.
    *   From the Set Parent To menu, choose **Object (Keep Transform)**. This is useful when changing parents and you want the child to retain its visual transformation from the previous parent.

3.  **To Parent to a Bone (Bone Parenting):**
    *   Select the child object(s).
    *   Shift-LMB select the Armature object.
    *   Switch to **Pose Mode** (Ctrl+Tab or select from Mode dropdown in 3D Viewport header).
    *   RMB select the specific bone you wish to be the parent bone.
    *   Press `Ctrl+P`.
    *   From the Set Parent To menu, choose **Bone**.

4.  **To Parent to a Vertex (Vertex Parenting - from Edit Mode):**
    *   In Object Mode, select the child object(s) and then the parent mesh object.
    *   Tab into **Edit Mode** for the parent mesh object.
    *   Select either one vertex (for single point parenting) or three vertices (for triangle parenting) on the parent mesh.
    *   Press `Ctrl+P`.
    *   Confirm the parenting.

5.  **To Parent to a Vertex (Vertex Parenting - from Object Mode):**
    *   In Object Mode, select the child object(s) and then the parent mesh object.
    *   Press `Ctrl+P`.
    *   From the Set Parent To menu, choose **Vertex** or **Vertex (Triangle)**.

6.  **To Apply Transforms (Location, Rotation, Scale):**
    *   Select the object(s).
    *   Press `Ctrl+A`.
    *   From the Apply menu, choose **All Transforms** (or specific transforms like Location, Rotation, Scale).

7.  **To Unparent Objects (Clear Parent):**
    *   Select the child object(s).
    *   Press `Alt+P`.
    *   From the Clear Parent menu, choose **Clear Parent** (this will revert the child to its original unparented transform).

8.  **To Unparent Objects (Clear and Keep Transformation):**
    *   Select the child object(s).
    *   Press `Alt+P`.
    *   From the Clear Parent menu, choose **Clear and Keep Transformation** (this will remove parenting but keep the child in its current world-space position).

9.  **To Clear Parent Inverse Matrix:**
    *   Select the object(s).
    *   Press `Alt+P`.
    *   From the Clear Parent menu, choose **Clear Parent Inverse**.","Problem: Child objects jump or scale incorrectly immediately after parenting. | Fix: This is almost always due to unapplied transforms on either the parent or child objects. Before parenting, select both parent and child objects and apply their transforms by pressing `Ctrl+A` and selecting **All Transforms**.
Problem: Child objects move unexpectedly when unparented. | Fix: When unparenting, always use **Clear and Keep Transformation** (`Alt+P` > Clear and Keep Transformation) instead of **Clear Parent** to ensure the child object retains its current world-space position, rotation, and scale.
Problem: Child objects behave erratically when the parent has non-uniform scale. | Fix: Non-uniform scaling on a parent can cause shear effects on children. Ensure that the parent object has its scale applied (`Ctrl+A` > Scale) before parenting, especially if non-uniform scaling was used.
Problem: Child object jumps when changing parent via Object Properties panel. | Fix: When changing a parent, always use the `Ctrl+P` shortcut in the 3D viewport. Changing the parent via the Object Properties panel directly resets the Parent Inverse matrix, which can cause the child to jump.","Parent-child hierarchies are fundamental in robotics simulation and for articulated objects. For a robot arm, each segment (e.g., base, shoulder, upper arm, forearm, wrist, gripper) is typically parented to the preceding segment in the chain. The base might be parented to an Empty object that serves as the robot's anchor in the scene. When the base rotates, the entire arm moves with it. When the shoulder joint rotates, the upper arm, forearm, wrist, and gripper all follow, but the base remains stationary. This allows for realistic kinematic movement. Similarly, for a cabinet, the doors would be parented to the cabinet frame, and the hinges might be parented to the door. For a gripper, each finger segment would be parented to the previous segment, and the entire gripper assembly would be parented to the robot arm's wrist. Empty objects are frequently used at pivot points (e.g., joint centers) to provide clean rotation axes for each segment, ensuring that rotations occur around the intended pivot. This modular approach simplifies animation, rigging, and export to simulation environments like Isaac Sim, where precise joint definitions and hierarchical structures are critical for accurate physics and inverse kinematics.","Tip: Always apply transforms (`Ctrl+A` > All Transforms) to objects before parenting to avoid unexpected scaling or positioning issues.
Tip: Use Empty objects as dedicated pivot points or anchors for complex assemblies. Parent the Empty to the main parent, and then parent the mesh object to the Empty. This provides a clean origin for rotation and scaling without affecting the mesh's own origin.
Tip: When dealing with complex hierarchies, utilize the Outliner (`Window > Outliner` or default top-right panel) to visualize and manage parent-child relationships. You can drag and drop objects within the Outliner to change parenting.
Tip: For CAD-like precision or when exporting to other software, consider using `Shift+Ctrl+P` for parenting without the Parent Inverse matrix, which evaluates child properties in the parent's coordinate system. This can sometimes lead to more predictable results in external applications.
Tip: If a child object is not moving with its parent as expected, check the object's properties panel (`N` key in 3D viewport, then `Item` tab) to ensure its location, rotation, and scale values are not locked or constrained in a way that overrides parenting.","https://docs.blender.org/manual/en/2.81/scene_layout/object/properties/relations/parents.html | Parenting Objects — Blender Manual (Blender 2.81)
https://www.youtube.com/watch?v=5oclP4hQndc | Understanding Parenting in Blender - YouTube
https://docs.blender.org/manual/en/latest/scene_layout/object/editing/parent.html | Parenting Objects - Blender 5.1 Manual
https://www.reddit.com/r/blender/comments/eclv99/child_moves_away_from_parent_when_using_any/ | Child moves away from parent when using any transform : r/blender",
"Blender Apply Transforms (Location, Rotation, Scale): when to apply vs not apply each one, what happens when you apply location (object moves to world origin), why unapplied scale breaks modifiers and physics, applying transforms to multi-object hierarchies, the difference between applying transforms in Object Mode vs Edit Mode, and specific gotchas for simulation export","Blender Apply Transforms (Location, Rotation, Scale) for Robotics Simulation and Isaac Sim Workflows","Applying transforms in Blender is a fundamental operation that resets an object's Location, Rotation, or Scale values while visually maintaining the object's position, orientation, and size in the 3D Viewport. When Location is applied, the object's origin is moved to the global origin (0,0,0), rotation values are cleared to zero, and scale values are reset to 1.0. The geometry itself is adjusted to compensate for these changes, ensuring the object's visual appearance remains unchanged [1].

The importance of applying transforms, particularly scale, cannot be overstated, especially when working with modifiers, constraints, parenting, and animation. Unapplied scale can lead to incorrect behavior in modifiers (e.g., Bevel modifier producing inconsistent results), inaccurate physics simulations, and unpredictable outcomes in object hierarchies and animations. For instance, if an object is scaled in Object Mode but the scale is not applied, Blender's internal calculations for certain operations might still refer to the original, unscaled dimensions, leading to discrepancies [2].

There is a crucial distinction between applying transforms in Object Mode versus Edit Mode. In Object Mode, transformations affect the object's properties (its location, rotation, and scale values relative to the world origin), while in Edit Mode, transformations directly manipulate the mesh data (vertices, edges, faces). Applying transforms in Object Mode essentially bakes the current object-level transformations into the mesh data, resetting the object's transform values to their defaults (location to 0, rotation to 0, scale to 1) while preserving the visual state of the mesh [5, 6]. Conversely, scaling an object in Edit Mode directly modifies the mesh's vertices without altering the object's transform properties, meaning the object's scale values will remain at 1.0 [5].

For complex scenarios, Blender offers 'Delta Transforms,' which allow users to ""bake"" current primary transforms (Location, Rotation, Scale) into delta channels. This frees up the primary transform channels for new adjustments or keyframes, which can be particularly useful for animation workflows. Additionally, 'Visual Transform' applies the result of constraints to an object's own transformation, ensuring the object retains its visual state even if constraints are disabled [1].

When working with multi-object hierarchies, applying transforms can be complex. If an object shares Object Data with other objects (i.e., it's a multi-user object), Blender will prompt the user to make it a ""Single User"" before applying transforms to avoid unintended changes to linked objects. For robotics simulation and export to platforms like Isaac Sim, ensuring all transforms are correctly applied is critical. Unapplied transforms, especially scale, can lead to issues during USD export, where transformations might be reset, causing models to deform or appear incorrectly in the simulation environment. It is generally recommended to apply transforms before rigging and animation, and to be mindful of the unit systems (e.g., Isaac Sim uses meters) when preparing assets [1, 3].","1.  **Applying Transforms (General):**
    *   Ensure you are in Object Mode (press `TAB` if in Edit Mode).
    *   Select the object(s) you wish to apply transforms to.
    *   Press `CTRL + A` (or go to `Object > Apply` in the menu).
    *   From the pop-up menu, choose the transform(s) you want to apply: `Location`, `Rotation`, `Scale`, or `Rotation & Scale` [1, 2].
2.  **Applying Transforms to Deltas:**
    *   In Object Mode, select the object.
    *   Go to `Object > Apply > Location / Rotation / Scale to Deltas`.
    *   Choose `Location to Deltas`, `Rotation to Deltas`, `Scale to Deltas`, or `All Transforms to Deltas`.
    *   (Optional) In the `Adjust Last Operation` panel (usually at the bottom-left of the 3D Viewport), enable `Reset Values` if you want to clear the primary transform values after transferring them to deltas [1].
3.  **Applying Visual Transform:**
    *   In Object Mode, select the object(s) with constraints.
    *   Go to `Object > Apply > Visual Transform`. This will bake the current visual state (influenced by constraints) into the object's actual transforms [1].
4.  **Making Multi-User Objects Single User (if prompted):**
    *   If you attempt to apply transforms to an object that shares data and Blender prompts you, confirm the action to make it a Single User. This creates a unique copy of the object's data block, allowing transforms to be applied without affecting other linked objects [1].","Problem: Forgetting to apply scale (and rotation) to models, leading to issues with modifiers, physics, and animation. | Fix: Always apply scale and rotation (Ctrl+A > Scale or Ctrl+A > Rotation & Scale) whenever possible, especially before rigging, animation, or using modifiers [2].
Problem: Applying Location moves the object's origin to the world origin (0,0,0), which is often not desired. | Fix: Avoid applying Location unless you specifically intend for the object's origin to be at the world origin. If you only need to reset rotation and scale, use Ctrl+A > Rotation & Scale [1, 3].
Problem: Modifiers (like Bevel) or physics simulations behave incorrectly due to unapplied scale. | Fix: Apply scale (Ctrl+A > Scale) to reset the object's scale values to 1.0, ensuring modifiers and physics calculations use the correct dimensions [2].
Problem: When exporting to Isaac Sim, transformations (especially scale) are reset, causing deformation. | Fix: Ensure all transforms are applied in Blender before export. For USD export, be aware that Isaac Sim units are in meters, and scaling issues can arise if not handled correctly during asset creation or conversion [3].","In robotics simulation, accurately applying transforms is paramount for creating functional and realistic models. Consider a robotic arm composed of multiple linked segments (e.g., base, shoulder, elbow, wrist, gripper). Each segment might be modeled individually and then assembled. If a segment, such as the gripper, is scaled in Object Mode to fit the arm but its scale is not applied, any physics simulations or joint constraints in Isaac Sim could behave unpredictably. For example, a gripper might have collision issues or incorrect mass properties if its scale is not unified. Similarly, for articulated objects like doors or cabinets, if the door panel is scaled in Object Mode and its scale is not applied, the hinge joint's pivot point might not align correctly, leading to unnatural rotation or detachment in the simulation. When exporting these models to Isaac Sim as USD files, unapplied transforms can cause the robot arm segments or door panels to appear deformed, misaligned, or to have their pivot points reset to the world origin, breaking the intended kinematic chain. Therefore, for each component of a robot or articulated object, it is best practice to apply scale and rotation before setting up joints, rigging, or exporting to ensure consistent and predictable behavior in the simulation environment.","Tip: When dealing with multi-user objects, make them single-user before applying transforms to avoid errors and unexpected behavior [1].
Tip: Use Delta Transforms to ""bake"" current transformations while keeping primary transform channels free for animation or further adjustments [1].
Tip: For complex hierarchies or instances, enabling both 'Parent' and 'Keep Hierarchy' options when making instances real can help preserve relationships [1].","https://docs.blender.org/manual/en/latest/scene_layout/object/editing/apply.html | Apply - Blender 5.1 Manual
https://www.blenderkit.com/docs/tutorials/most-common-upload-problems/why-applying-scale-matters/ | BlenderKit | Why applying scale (and rotation) matters?
https://forums.developer.nvidia.com/t/anyway-to-apply-a-transform-to-a-reference/286104 | Anyway to apply a transform to a reference? - Omniverse / Isaac Sim - NVIDIA Developer Forums
https://www.reddit.com/r/blenderhelp/comments/1kbsx6u/edit_mode_vs_object_mode_apply_transforms/ | Edit Mode vs Object mode - Apply Transforms : r/blenderhelp - Reddit
https://medium.com/@thecuriouschronicles/understanding-the-difference-between-scaling-rotating-and-moving-in-blenders-edit-mode-vs-082b3e450a09 | Understanding the Difference Between Scaling, Rotating, and Moving in Blender's Edit Mode vs. Object Mode
https://blender.stackexchange.com/questions/338712/whats-the-difference-between-object-mode-scaling-and-edit-mode-face-move | What's the difference between Object Mode Scaling and Edit Mode face move - Blender Stack Exchange",
"Blender Object Hierarchy for Complex Articulated Assets: how to structure a hierarchy for a cabinet with doors and drawers and knobs, a robotic arm with multiple joints, a door with hinge pivot and handle, using Empty objects as joint pivots, naming conventions for hierarchies, collection organization, and how hierarchy structure maps to USD prim hierarchy in Isaac Sim",,"Blender's object hierarchy is fundamental for organizing complex 3D models, especially articulated assets used in robotics simulation. The hierarchy defines the parent-child relationships between objects, influencing how transformations (translation, rotation, scale) propagate through the model. For articulated assets like robot arms, cabinets, or doors, a well-structured hierarchy is crucial for defining joint movements and ensuring accurate simulation behavior. Empty objects in Blender play a significant role in this process. An Empty is a single coordinate point with no geometry, making it ideal for use as a pivot point or a control handle for groups of objects. When an object is parented to an Empty, the Empty's transformations affect the child object, allowing for precise control over rotations around a specific point, which is essential for defining joints [2].

Universal Scene Description (USD) is a powerful framework for interchange of 3D graphics data, widely used in NVIDIA Isaac Sim for defining robot models and environments. In USD, scenes are represented as a hierarchy of primitives, or 'prims'. Blender's USD exporter translates its object hierarchy into USD prims. Specifically, Blender's Empty objects are often imported as USD `Xform` prims, which contain transform data and represent transform hierarchies. `Scope` prims in USD, which group elements without transform data, are also imported as Blender empties. This mapping is vital for maintaining the structural integrity and kinematic definitions of articulated models when transferring them from Blender to Isaac Sim [2].

However, a critical distinction exists between Blender's armature system and Isaac Sim's physics articulation system. Blender armatures are primarily designed for skeletal animation, exporting as a skeletal animation hierarchy (Skel/bones). Isaac Sim's Robot/Articulation system, on the other hand, expects physics articulations, which are defined by specific USD schemas like `UsdPhysicsArticulationRootAPI`, `UsdPhysicsRevoluteJoint`, `UsdPhysicsPrismaticJoint`, and `UsdPhysicsRigidBodyAPI`. These schemas define the physical properties, joints, and rigid bodies necessary for realistic simulation. Therefore, directly exporting a Blender armature to USD will not result in a controllable robot in Isaac Sim. The recommended workflow involves using Blender for visual geometry and then defining the robot's articulation using a format like URDF (Unified Robot Description Format) or MJCF, which Isaac Sim's importer can then convert into the correct physics articulation USD structure [1].","1.  **Model Individual Components:** Create each distinct part of your articulated asset (e.g., cabinet body, individual doors, drawers, knobs, robot arm links, gripper fingers) as separate mesh objects in Blender.
2.  **Set Object Origins for Pivots:** For each mesh object that will articulate, set its origin point to the exact location where its joint pivot should be. For example, for a door, the origin should be at the center of its hinge axis. For a robot arm link, the origin should be at the center of its rotational joint.
    *   **Procedure:** Select the mesh object. In `Object Mode`, go to `Object > Set Origin > Origin to 3D Cursor` (if you've placed the 3D cursor at the desired pivot) or `Origin to Geometry` (if the mesh itself is centered at the pivot). Alternatively, you can use `Origin to Median Point` and then manually adjust the origin.
3.  **Create Empty Objects for Joints:** For each joint or pivot point, create an Empty object. These Empties will serve as the actual pivot points for rotation or translation.
    *   **Procedure:** In `Object Mode`, press `Shift + A > Empty > Plain Axes` (or any other Empty type). Position the Empty precisely at the desired joint location. It's often helpful to snap the Empty to the 3D cursor if the cursor was used to define the mesh origin.
4.  **Parent Meshes to Empties:** Parent each mesh object to its corresponding Empty object. This ensures that when the Empty moves or rotates, the mesh moves or rotates with it around the Empty's origin.
    *   **Procedure:** Select the mesh object first, then `Shift + Select` the Empty object. Press `Ctrl + P > Object (Keep Transform)`.
5.  **Build the Hierarchical Structure:** Parent the Empties to each other in a logical chain that reflects the real-world articulation. For example, for a robot arm, the 'Forearm_Joint_Empty' would be parented to the 'UpperArm_Joint_Empty', and so on, up to the 'Robot_Base_Empty'.
    *   **Procedure:** Select the child Empty, then `Shift + Select` the parent Empty. Press `Ctrl + P > Object (Keep Transform)`.
6.  **Organize with Collections (Optional but Recommended):** Use Blender Collections to group related objects (e.g., all parts of a single robot arm, or all components of a cabinet). This helps manage complex scenes and can be useful for selective export.
    *   **Procedure:** Select the objects you want to group. Press `M > New Collection`, name it, and press `OK`.
7.  **Naming Conventions:** Use clear and consistent naming for all objects, Empties, and Collections. This is crucial for readability and for mapping to USD prims and URDF links/joints. For example, `robot_base_link`, `arm_shoulder_joint_empty`, `arm_upper_link_mesh`.
8.  **Export Meshes for URDF (for Isaac Sim):** Export the individual mesh components (not the entire Blender scene with armatures) as separate OBJ or STL files. These meshes will be referenced in the URDF file.
    *   **Procedure:** Select a mesh object. Go to `File > Export > Wavefront (.obj)` or `File > Export > Stl (.stl)`. Ensure to select 'Selection Only' and apply appropriate scaling if necessary.
9.  **Author URDF:** Create a URDF file that defines the robot's kinematic and dynamic properties, including links, joints (revolute, prismatic), and their axes. Reference the exported mesh files within the URDF.
10. **Import URDF into Isaac Sim:** Use Isaac Sim's URDF importer to bring your robot model into the simulation environment. This process will generate the necessary USD physics articulation schemas.","Problem: Blender armatures are not recognized as physics articulations in Isaac Sim. | Fix: Do not rely on Blender armatures for physics-based articulation in Isaac Sim. Instead, use Blender for visual geometry and define the robot's articulation using URDF (Unified Robot Description Format) or MJCF, which is then imported into Isaac Sim. Isaac Sim's Robot/Articulation system expects specific USD schemas for physics articulations, not skeletal animation data from Blender armatures [1].
Problem: Joint components intersect or do not have proper clearance, leading to issues in simulation or 3D printing. | Fix: Ensure there is a physical gap (clearance) between moving parts in the 3D model. This is crucial for both physical 3D prints and for realistic simulation behavior where parts need to move freely without collision [3].
Problem: Incorrect pivot points for articulated parts, causing unexpected rotation or movement. | Fix: For each articulated part, ensure its origin point is precisely located at the desired pivot axis. When using Empty objects as joint pivots, parent the mesh to the Empty, and the Empty's origin should be at the rotational center of the joint. In Blender, you can set the origin using `Object Mode > Right-click > Set Origin` [3].
Problem: USD export from Blender loses hierarchy or object naming conventions. | Fix: While Blender's USD exporter handles `Xform` prims as Empty objects, it's essential to maintain a clear parent-child hierarchy in Blender. Use consistent naming for objects and collections. Blender requires unique object names, which can sometimes lead to issues if USD names are not unique upon import [2].","For a **cabinet with doors and drawers**, the hierarchy would typically start with a main 'Cabinet_Base' object (or an Empty) as the root. Each door would be a separate mesh object, parented to an Empty placed at the hinge pivot point. For example, 'Door_Left_Empty' would be parented to 'Cabinet_Base', and the 'Door_Left_Mesh' would be parented to 'Door_Left_Empty'. The Empty's origin would be at the center of the hinge. Similarly, each drawer would have its own Empty parented to the 'Cabinet_Base', with the drawer mesh parented to its respective Empty. The Empty's origin would be set to allow linear movement along the drawer's axis. Knobs would be parented directly to their respective doors or drawers. This structure allows each component to move independently around its designated pivot or along its track.

A **robotic arm with multiple joints** requires a precise hierarchy. The 'Robot_Base' (often an Empty) would be the root. The first link (e.g., 'Shoulder_Link_Mesh') would be parented to an Empty ('Shoulder_Joint_Empty') whose origin is at the shoulder joint's pivot. The 'Shoulder_Joint_Empty' would then be parented to 'Robot_Base'. This pattern continues for each subsequent link and joint: 'UpperArm_Link_Mesh' parented to 'Elbow_Joint_Empty', which is parented to 'Shoulder_Link_Mesh' (or its Empty), and so on. Each Empty acts as the pivot for the rotation of the subsequent link. This ensures that each joint rotates correctly relative to its parent, mimicking the real-world kinematics of a robot arm.

For a **door with a hinge pivot and handle**, the main 'Door_Frame' (or an Empty) would be the root. The 'Door_Panel_Mesh' would be parented to an 'Door_Hinge_Empty', with the Empty's origin placed at the center of the hinge axis. The 'Door_Hinge_Empty' would be parented to the 'Door_Frame'. The 'Door_Handle_Mesh' would be parented directly to the 'Door_Panel_Mesh'. This setup allows the door panel to swing open and close around the hinge, and the handle to move with the door. If the handle also articulates (e.g., rotates), it would have its own Empty as a pivot, parented to the 'Door_Panel_Mesh'.","Tip: When designing articulated assets for robotics simulation, always prioritize setting up the hierarchy and pivot points correctly in Blender, even if the final articulation is defined in URDF. A clean Blender model with proper object origins and parenting will simplify the URDF authoring process. | Tip: Utilize Blender's Empty objects as placeholders for joint pivots. This allows for precise control over the rotation and translation axes without affecting the mesh geometry directly. | Tip: For complex articulated assets, consider breaking down the model into logical components and organizing them into Blender Collections. This improves scene management and can be beneficial for selective export or referencing in USD. | Tip: When exporting meshes for URDF, ensure that each link's mesh has its origin set to the desired joint pivot point. This simplifies the joint definition in the URDF. | Tip: Use clear and consistent naming conventions for all objects, empties, and collections in Blender. This is crucial for readability and for mapping to USD prims and URDF links/joints.","https://forums.developer.nvidia.com/t/blender-to-isaac-sim/361514 | NVIDIA Developer Forums: Blender to Isaac sim
https://docs.blender.org/manual/en/latest/files/import_export/usd.html | Universal Scene Description - Blender 5.1 Manual
https://www.youtube.com/watch?v=y05kcJ8v_Y4 | How To Design Articulating 3D Prints! Blender Tutorial!",
"Blender Normals: complete troubleshooting guide for face orientation (blue vs red faces), recalculate normals outside (Shift+N), flip normals, custom split normals from CAD imports, weighted normals modifier, shade flat vs shade smooth issues, auto smooth angle, when normals cause physics issues in simulation, and the face orientation overlay",Blender Normals Troubleshooting Guide for Robotics Simulation and Isaac Sim Workflows,"Normals are fundamental vectors that define the outward direction of a mesh's faces. They are crucial for how light interacts with a 3D model, influencing shading, rendering, and ultimately, the visual appearance of an object. In Blender, correct normal orientation is indicated by blue faces when the 'Face Orientation' overlay is enabled, signifying that the normals are pointing outwards. Conversely, red faces denote inward-pointing normals, which can lead to rendering artifacts, shading issues, and problems in physics simulations. Custom split normals provide a more granular control over shading by allowing normal vectors to be defined at face corners rather than just vertices, which is particularly useful for complex geometries or when importing models from CAD software. The 'Recalculate Normals' function attempts to automatically correct normal orientation, typically making them point outwards (Shift+N) or inwards (Shift+Ctrl+N). The 'Flip Normals' operation offers manual control to reverse the direction of selected face normals. Shading, whether 'Flat' or 'Smooth', is directly influenced by normals. 'Shade Flat' renders each face distinctly, using a single normal per face, while 'Shade Smooth' interpolates normals across vertices to create a smooth appearance. The 'Auto Smooth' angle setting works in conjunction with smooth shading, determining the threshold angle between adjacent faces above which edges will be rendered as sharp, and below which they will be smoothed. The 'Weighted Normals Modifier' is a powerful non-destructive tool that calculates and applies custom normals based on various factors like face area or angle, often used to resolve shading issues on complex or imported models. In the context of robotics simulation, especially with platforms like Isaac Sim, correctly oriented normals are paramount. Incorrect normals can cause physics engines to misinterpret collision boundaries, leading to objects falling through surfaces, erratic collisions, or unstable simulations. While Blender armatures are primarily for skeletal animation, for physics-enabled robots in Isaac Sim, the recommended workflow involves defining the robot using URDF (Unified Robot Description Format) and importing it through Isaac Sim's URDF importer, which correctly establishes physics articulations, joints, and rigid bodies. Blender's role in this workflow is primarily for creating the visual geometry.","1.  **Accessing the Normals Menu:**
    *   In Edit Mode, press `Alt-N`.
2.  **Visualizing Face Orientation:**
    *   In the 3D Viewport, navigate to the Overlays dropdown (usually located at the top right of the viewport, represented by two overlapping circles).
    *   Enable the ""Face Orientation"" checkbox.
    *   Observe the mesh: blue faces indicate correctly oriented (outward) normals, while red faces indicate incorrectly oriented (inward) normals.
3.  **Recalculating Normals to Outside:**
    *   In Edit Mode, select all faces of the mesh by pressing `A`.
    *   Press `Shift-N` (or navigate to `Mesh ‣ Normals ‣ Recalculate Outside`).
4.  **Recalculating Normals to Inside:**
    *   In Edit Mode, select all faces of the mesh by pressing `A`.
    *   Press `Shift-Ctrl-N` (or navigate to `Mesh ‣ Normals ‣ Recalculate Inside`).
5.  **Flipping Normals Manually:**
    *   In Edit Mode, select the specific faces that have incorrect orientation.
    *   Press `Alt-N` to open the Normals menu, then select `Flip` (or navigate to `Mesh ‣ Normals ‣ Flip`).
6.  **Applying Weighted Normals Modifier:**
    *   In Object Mode, select the mesh object.
    *   Go to the Modifier Properties tab (represented by a wrench icon in the Properties editor).
    *   Click ""Add Modifier"" and choose ""Weighted Normal"" from the ""Generate"" category.
    *   Adjust the modifier's settings, such as ""Weight"" and ""Face Influence,"" to achieve the desired shading results. Ensure ""Keep Sharp"" is enabled if you have manually marked sharp edges.
7.  **Setting Auto Smooth Angle:**
    *   In Object Mode, select the mesh object.
    *   Go to the Object Data Properties tab (represented by a green triangle icon in the Properties editor).
    *   Under the ""Normals"" panel, enable the ""Auto Smooth"" checkbox.
    *   Adjust the ""Angle"" value to control the threshold at which edges will be smoothed or appear sharp. Higher angles will smooth more edges, while lower angles will result in sharper transitions.
8.  **Shade Smooth/Shade Flat:**
    *   In Object Mode, select the mesh object.
    *   Right-click on the object to open the Context Menu.
    *   Choose ""Shade Smooth"" for interpolated shading or ""Shade Flat"" for faceted shading.","Problem: Objects appear black or have strange shading in render or viewport. | Fix: Check Face Orientation overlay (Viewport Overlays > Face Orientation). If faces are red, recalculate normals (Edit Mode, select all, Shift+N) or flip them manually (Edit Mode, select faces, Alt+N > Flip). | Problem: Physics simulations behave erratically, objects fall through surfaces, or collisions are incorrect. | Fix: Ensure all collision meshes have correct (blue) face orientation. Inverted normals can cause physics engines to misinterpret collision boundaries. | Problem: Hard edges appear on smoothly shaded objects, or smooth transitions look faceted. | Fix: Adjust the 'Auto Smooth' angle in Object Data Properties > Normals. Increase the angle to smooth more edges, decrease it to sharpen them. Also, ensure 'Shade Smooth' is applied (Object Mode > Right-click > Shade Smooth). | Problem: Imported CAD models have shading artifacts, even after recalculating normals. | Fix: Apply a 'Weighted Normal' modifier (Modifier Properties > Add Modifier > Weighted Normal). This modifier can improve shading on meshes with uneven topology or sharp edges from CAD data. Ensure 'Keep Sharp' is enabled if you have marked sharp edges. | Problem: Face Orientation overlay is not showing red/blue colors in newer Blender versions (e.g., Blender 4.x). | Fix: Go to Edit > Preferences > Themes > 3D Viewport and adjust the 'Face Orientation Front Alpha' setting to a visible value (e.g., 1.0).","In robotics simulation, accurately defining the physical properties and interactions of articulated objects like robotic arms, grippers, doors, and cabinets is critical. For instance, if a robotic arm's gripper model in Blender has inverted normals on its collision mesh, when imported into Isaac Sim, the physics engine might incorrectly detect collisions or allow objects to pass through the gripper's surfaces. This could lead to a robot failing to grasp an object or interacting with the environment in an unrealistic manner. Similarly, a cabinet door with flipped normals on its inner faces might cause unexpected self-collisions or incorrect joint limits during a simulation, making it impossible for a simulated robot to open or close it properly. When designing a robot's base or links, ensuring all faces point outwards is vital for accurate contact detection with the ground or other environmental elements. For complex CAD imports of robot components, such as intricate gear mechanisms or sensor housings, the 'Weighted Normal Modifier' in Blender can be invaluable for resolving shading inconsistencies that might otherwise affect visual fidelity in the simulation, even if the collision meshes are simplified. The visual representation of a robot in Isaac Sim, derived from Blender models, needs to be consistent with its physical behavior, and correct normals are a foundational aspect of achieving this consistency.","Tip: Use the Face Orientation overlay frequently during modeling to catch normal issues early. | Tip: For complex CAD imports, experiment with the Weighted Normal Modifier to achieve better shading without manually splitting edges. | Tip: When troubleshooting physics, always check normals first, as inverted normals are a common cause of unexpected behavior.","https://docs.blender.org/manual/en/latest/modeling/meshes/editing/mesh/normals.html | Editing Normals - Blender 5.1 Manual
https://forums.developer.nvidia.com/t/blender-to-isaac-sim/361514 | Blender to Isaac sim - NVIDIA Developer Forums
https://www.youtube.com/watch?v=G78liYDHtRM | How do NORMALS work in Blender? (Fix Your Shading) - YouTube
https://www.reddit.com/r/blender/comments/1gan3qf/is_this_meant_to_be_red/ | Is this meant to be red? : r/blender
https://blenderartists.org/t/be-aware-of-your-normals-in-blender/1511217 | Be(aware) of your normals in Blender - Tutorials, Tips and Tricks",
"Blender 3D Cursor as a precision tool: snapping cursor to vertices, edge midpoints, face centers, using Snap to Grid, using cursor as pivot for rotation, Shift+S snap menu all options, cursor to world origin, cursor to selected, selected to cursor, and practical examples of using cursor to precisely position joint pivots on mechanical objects",Blender 3D Cursor as a Precision Tool for Robotics Simulation,"The Blender 3D Cursor is a fundamental and versatile tool that acts as a dynamic reference point within the 3D viewport. It possesses both a location and an orientation, making it far more than just a visual marker. Its primary function is to define the **spawn point for new objects**; any new mesh, light, camera, or other scene element added to the scene will appear precisely at the cursor's current position. Beyond object placement, the 3D Cursor is crucial for **precise transformations**, serving as a customizable pivot point for rotation and scaling operations. When set as the active pivot point (e.g., via the Period key or the Transform Pivot Point menu), objects will rotate or scale around the cursor's location rather than their own origin or median point. This capability is invaluable for tasks requiring radial arrays or precise alignment of components in mechanical assemblies. Furthermore, the 3D Cursor can dictate the **orientation of tools and transformations**. By aligning the transform orientation to the cursor, users can manipulate objects along custom axes defined by the cursor's rotation, which is particularly useful when working with angled surfaces or complex joint mechanisms. The cursor also plays a central role in **snapping operations**, allowing users to precisely align it to various elements like vertices, edges, faces, or the grid. This precision is further enhanced by the `Shift+S` snap menu, which offers quick commands to move the cursor to the world origin, to selected elements, or to move selected elements to the cursor. This combination of positional and orientational control, coupled with robust snapping capabilities, makes the 3D Cursor an indispensable tool for detailed modeling, especially in contexts like robotics simulation where exact component placement and joint pivot definition are critical for accurate physical behavior in environments like Isaac Sim.","1.  **Placing the 3D Cursor with the Mouse (Basic):**
    *   **Tool:** Cursor tool (found in the Toolbar).
    *   **Action:** Click LMB in the scene to position the Cursor.
    *   **Orientation:** The Cursor tool settings allow choosing orientation: `View` (aligns with current view), `Surface` (aligns with surface normal), or `Transform Orientation` (uses selected transform orientation).
    *   **Shortcut (Quick Placement):** Shift+RMB (right-mouse button) while any tool is active. The cursor aligns with the view orientation.

2.  **Precise Numerical Placement:**
    *   **Menu Path:** Sidebar region ‣ View ‣ 3D Cursor.
    *   **Action:** Edit `Location` and `Rotation` values numerically for exact coordinates and orientation.

3.  **Snapping the 3D Cursor (Shift+S Menu):**
    *   **Shortcut:** Shift+S (opens the Snap pie menu).
    *   **Options:**
        *   `Cursor to World Origin`: Moves the 3D Cursor to (0,0,0).
        *   `Cursor to Selected`: Moves the 3D Cursor to the center of the currently selected object(s) or element(s) (vertices, edges, faces).
        *   `Selected to Cursor`: Moves the currently selected object(s) or element(s) to the 3D Cursor's location.
        *   `Cursor to Grid`: Moves the 3D Cursor to the nearest grid overlay point.
        *   `Cursor to Active`: Moves the 3D Cursor to the origin of the active object.

4.  **Using the 3D Cursor as a Pivot Point for Transformations:**
    *   **Shortcut:** Period (.) key (toggles Transform Pivot Point).
    *   **Menu Path:** Header ‣ Transform Pivot Point ‣ 3D Cursor.
    *   **Action:** Select `3D Cursor` as the pivot point. Now, rotation (R) and scaling (S) operations will occur around the 3D Cursor's location.

5.  **Using the 3D Cursor for Custom Transform Orientation:**
    *   **Shortcut:** Comma (,) key (toggles Transform Orientation).
    *   **Menu Path:** Header ‣ Transform Orientation ‣ Cursor.
    *   **Action:** Select `Cursor` as the transform orientation. Movement (G), rotation (R), and scaling (S) will now align to the 3D Cursor's orientation.

6.  **Moving an Object's Origin Point to the 3D Cursor:**
    *   **Step 1 (Position Cursor):** In Edit Mode, select a vertex, edge, or face where you want the origin to be. Press Shift+S and choose `Cursor to Selected`.
    *   **Step 2 (Set Origin):** Switch to Object Mode. Go to Object ‣ Set Origin ‣ Origin to 3D Cursor.

7.  **Aligning 3D Cursor to Surface Normals (Advanced Setup):**
    *   **Menu Path:** Edit ‣ Preferences ‣ Keymap.
    *   **Action:** Search for ""3D Cursor."" Enable `Surface Project` and change the `Orientation` to `Geometry`.
    *   **Usage:** Now, Shift+RMB on a surface will align the 3D Cursor's rotation to that surface's normal. New objects added with ""Align to 3D Cursor"" will match this orientation.","Problem: New objects are spawning in unexpected locations after accidentally moving the 3D Cursor. | Fix: Reset the 3D Cursor to the world origin using `Shift+S > Cursor to World Origin`.
Problem: Objects are rotating or scaling around an unintended point, not their own center. | Fix: Ensure the `Transform Pivot Point` is set correctly. If you want to rotate around the object's center, set it to `Median Point` or `Individual Origins`. If it's stuck to the 3D Cursor, change it via `Period (.)` key or `Header ‣ Transform Pivot Point` menu.
Problem: Difficulty in precisely aligning an object's origin to a specific point on its geometry (e.g., a joint pivot). | Fix: In Edit Mode, select the desired vertex/edge/face, then use `Shift+S > Cursor to Selected`. Switch to Object Mode, then `Object ‣ Set Origin ‣ Origin to 3D Cursor`.
Problem: Transformations (move, rotate, scale) are not aligning to a desired custom axis or angled surface. | Fix: Use the 3D Cursor to define a custom `Transform Orientation`. Position and orient the 3D Cursor (e.g., by Shift+RMB on a surface with `Surface Project` enabled in preferences), then set `Header ‣ Transform Orientation ‣ Cursor`.
Problem: The 3D Cursor is not aligning to the angle of a surface when placed with Shift+RMB. | Fix: Go to `Edit ‣ Preferences ‣ Keymap`, search for ""3D Cursor,"" enable `Surface Project`, and change the `Orientation` to `Geometry`.","When designing robotic arms, grippers, or articulated objects like doors and cabinets in Blender for simulation environments such as Isaac Sim, the 3D Cursor is indispensable for accurately defining joint pivots. For instance, to create a robotic arm with multiple segments, each segment needs to rotate around a precise pivot point. The workflow involves modeling each segment separately. Then, for each segment, the 3D Cursor is used to mark the exact location and orientation of its rotational joint. For a hinge joint on a door, one would select the vertices along the hinge line in Edit Mode, then snap the 3D Cursor to the selected geometry using `Shift+S > Cursor to Selected`. After that, the object's origin (which acts as its pivot) is set to the 3D Cursor's location using `Object > Set Origin > Origin to 3D Cursor`. This ensures that when the door rotates, it does so accurately around the hinge axis. Similarly, for a robotic arm, each link's pivot point is meticulously placed at the center of its rotational joint using the 3D Cursor. This precision is critical for realistic kinematics and dynamics in simulation, as incorrect pivot placement can lead to unnatural movements or simulation errors. The 3D Cursor's ability to also define custom transform orientations is vital when dealing with complex joint axes that are not aligned with the global X, Y, or Z axes, allowing for accurate manipulation and alignment of components during the rigging process.","Tip: Use `Shift+C` to center the view on the 3D Cursor. This is useful when the period key shortcut zooms too far in or out, especially when working with object instances where you can't easily enter edit mode to focus on a part of the model.
Tip: To quickly snap the 3D Cursor to a vertex without entering Edit Mode and using the pie menu, activate snapping (`Shift+Tab`), then `Ctrl+RMB` on the desired vertex. This places the cursor directly on the vertex.
Tip: For new objects, you can set their default alignment to the 3D Cursor. Go to `Edit > Preferences > Editing > Objects > New Objects > Align to` and set it to `3D Cursor`. This saves time by automatically aligning newly created objects to the cursor's position and orientation.
Tip: To quickly move an object's origin point to the 3D Cursor, enable the built-in `3D Viewport Pie Menus` add-on. Then, use `Ctrl+Alt+X` to bring up a quick menu to instantly set the origin to the 3D Cursor.","https://docs.blender.org/manual/en/latest/editors/3dview/controls/pivot_point/3d_cursor.html | 3D Cursor - Blender 5.1 Manual
https://docs.blender.org/manual/en/latest/editors/3dview/controls/snapping.html | Snapping - Blender 5.1 Manual
https://www.youtube.com/watch?v=2_3dynQg0gw | From Beginner to Pro: Learn the 3D Cursor in Blender - YouTube
https://blenderartists.org/t/origin-pivot-cursor-etc/536193 | Origin, Pivot, Cursor etc..... - Support / Modeling - Blender Artists Community
https://docs.blender.org/manual/en/latest/editors/3dview/3d_cursor.html | 3D Cursor - Blender 5.1 Manual (General Overview)",
"Blender Constraints for Robotics: Limit Rotation constraint for joint limits, Limit Location, Child Of constraint vs standard parenting, Copy Transforms, how constraints translate to Isaac Sim joint limits, setting up a door hinge with proper rotation limits, setting up a drawer with linear motion limits, and armature constraints for robot rigs",Blender Constraints for Robotics Simulation and Isaac Sim Workflows,"Blender offers a robust set of constraints crucial for rigging and animating robotic models, ensuring realistic and controlled movements. The **Limit Rotation** constraint restricts an object's or bone's Euler rotation angles within a specified range for each axis (X, Y, Z). Angles outside this range are clamped to the nearest boundary. It's important to note that this constraint does not apply to bones affected by Inverse Kinematics (IK); for IK setups, joint limits must be configured directly within the bone's IK panel instead. The **Limit Location** constraint confines an object's or bone's position to a defined coordinate range along one or more axes. This constraint primarily considers the object's origin, not its geometry, meaning an object might visually penetrate boundaries if its origin is at the center. It also has no effect on connected bones, as their position is determined by their parent. The **Child Of** constraint allows an object or bone to behave as a child of another, with the key advantage over standard parenting being its animatable 'Influence' property. This enables dynamic switching between different parents or blending transformations from multiple parents over time. However, it is not ideal for creating connected bone chains, where the tip of the parent bone should always coincide with the base of the child. For such scenarios, the Armature Constraint might be more suitable. The **Copy Transforms** constraint forces an object or bone to precisely match the location, rotation, and scale of a target object or bone. It includes options to remove shearing from the target's transformation and various 'Mix' modes (Replace, Before Original, After Original) to control how the copied transforms combine with the owner's existing transformations. For rigid body simulations, the **Hinge Constraint** (found under Physics > Rigid Body Constraint) provides one degree of freedom, constraining translation entirely while permitting rotation around a single axis, typically the Z-axis of an Empty object acting as the constraint host. This is fundamental for simulating articulated objects like doors. When integrating Blender models into Isaac Sim, the Universal Scene Description (USD) format is the recommended intermediary. Isaac Sim utilizes various importers (URDF, MJCF, Mesh) to convert assets into USD. While Blender's armature and constraint setups are critical for defining robot kinematics, their direct translation to Isaac Sim's joint limits and physics properties requires careful consideration. Often, joint limits and other physics parameters need to be explicitly defined or re-configured within Isaac Sim's USD environment or through its URDF/MJCF importers, as Blender's animation constraints might not directly map to Isaac Sim's physics engine's expectations. For instance, URDF files define joint limits using `<limit>` tags, specifying lower, upper, effort, and velocity limits, which are then interpreted by Isaac Sim's physics engine. The process often involves exporting the robot model from Blender as a USD file, then using Isaac Sim's tools or scripts (like `convert_urdf.py`) to refine the USD, ensuring that physical properties and joint limits are correctly applied for simulation. This workflow emphasizes that while Blender is excellent for visual rigging, the physical properties and constraints for simulation are often managed at the USD or URDF/MJCF level within the Isaac Sim ecosystem. Proper configuration of `joint_drive` parameters (drive type, target type, gains) is also crucial in Isaac Sim for realistic robot behavior.","1. **Applying Limit Rotation Constraint:**
    - Select the object or bone you want to limit.
    - Go to the **Constraint Properties** tab (looks like two chain links) in the Properties Editor.
    - Click **Add Object Constraint** or **Add Bone Constraint** (depending on selection) and choose **Limit Rotation** under the 'Transform' category.
    - In the constraint panel, enable **Limit X**, **Limit Y**, or **Limit Z** checkboxes as needed.
    - Adjust the **Min** and **Max** angle values for each enabled axis to define the rotation range.
    - For bones affected by Inverse Kinematics (IK), navigate to the **Bone Properties** tab (looks like a bone icon), then find the **Inverse Kinematics** panel and adjust the 'Limit' settings there instead.

2. **Applying Limit Location Constraint:**
    - Select the object or bone you want to limit.
    - Go to the **Constraint Properties** tab.
    - Click **Add Object Constraint** or **Add Bone Constraint** and choose **Limit Location** under the 'Transform' category.
    - Enable **Limit X**, **Limit Y**, or **Limit Z** checkboxes.
    - Set the **Min** and **Max** values for each enabled axis to define the allowed position range.

3. **Applying Child Of Constraint:**
    - Select the child object or bone.
    - Go to the **Constraint Properties** tab.
    - Click **Add Object Constraint** or **Add Bone Constraint** and choose **Child Of** under the 'Relationship' category.
    - In the constraint settings, click the eyedropper icon next to **Target** and select the desired parent object or bone.
    - Use the **Set Inverse** button if the child's transform is incorrect after applying the constraint.
    - Adjust the **Influence** slider to control the strength of the constraint, allowing for animatable parenting.

4. **Applying Copy Transforms Constraint:**
    - Select the object or bone that will copy the transforms.
    - Go to the **Constraint Properties** tab.
    - Click **Add Object Constraint** or **Add Bone Constraint** and choose **Copy Transforms** under the 'Transform' category.
    - Set the **Target** object or bone using the eyedropper.
    - Configure the **Mix** type (e.g., Replace, Before Original, After Original) to define how the transforms are combined.
    - Optionally, enable **Remove Target Shear** to prevent shearing issues with non-uniformly scaled parents.

5. **Setting up a Door Hinge with Rotation Limits (Rigid Body Physics):**
    - Create your door and door frame objects.
    - Add a new Empty object at the pivot point of the hinge (e.g., where the door rotates). This Empty will host the constraint.
    - Select the door and the door frame, go to **Object > Rigid Body > Add Active** (for the door) and **Object > Rigid Body > Add Passive** (for the frame) in Object Mode.
    - Select the Empty object. Go to the **Physics Properties** tab (looks like a bouncing ball).
    - Click **Rigid Body Constraint** and set the **Type** to **Hinge**.
    - In the Hinge Constraint settings, assign the door and the door frame to the **First** and **Second** object slots respectively.
    - Enable **Limits > Z Angle** and set the **Lower** and **Upper** angle values to define the door's opening and closing range (e.g., 0 to 90 degrees). Note that the Hinge constraint uses the Z-axis for rotation.

6. **Setting up a Drawer with Linear Motion Limits (Rigid Body Physics):**
    - Create your drawer and cabinet objects.
    - Add a new Empty object at the starting point of the drawer's linear motion. This Empty will host the constraint.
    - Select the drawer and cabinet, and add Rigid Body properties (Active for drawer, Passive for cabinet).
    - Select the Empty object. Go to the **Physics Properties** tab.
    - Click **Rigid Body Constraint** and set the **Type** to **Slider** (or Piston for more advanced control).
    - Assign the drawer and cabinet to the **First** and **Second** object slots.
    - Enable **Limits** for the appropriate axis (e.g., **Limit X** for horizontal motion) and set the **Lower** and **Upper** values to define the drawer's travel range.

7. **Exporting to Isaac Sim with Joint Limits (General Workflow):**
    - Design your robot model and rig it with armatures and appropriate constraints in Blender.
    - Export the model as a **USD (Universal Scene Description)** file. Ensure that the Blender USD exporter is configured to export armatures as USD skeletons and skinned meshes (Blender 5.1 Manual > Universal Scene Description section).
    - Import the USD file into Isaac Sim. Isaac Sim provides URDF, MJCF, and Mesh importers. For robots, URDF or MJCF are often preferred as they explicitly handle joint definitions and limits.
    - If using a URDF importer, you may need to use a utility script like `convert_urdf.py` (provided in Isaac Lab) to convert your URDF to a USD that is optimized for Isaac Sim. This script allows setting parameters like `fix_base`, `merge_fixed_joints`, and `joint_drive` properties (drive type, target type, gains like stiffness and damping). Joint limits are typically defined in the URDF's `<limit>` tags and are interpreted by Isaac Sim's physics engine.","Problem: Limit Rotation constraint does not work on bones in an Inverse Kinematics (IK) chain. | Fix: For bones involved in IK, joint limits must be set directly within the bone's IK panel in the Bone Properties tab, not via the Limit Rotation constraint.
Problem: Objects constrained by Limit Location visually penetrate boundaries. | Fix: The Limit Location constraint only considers the object's origin. To prevent visual penetration, ensure the object's origin is positioned appropriately (e.g., at the base for a cube on a floor) or use collision physics in conjunction with the constraint.
Problem: Child Of constraint is used for connected bone chains, leading to unexpected behavior. | Fix: The Child Of constraint is not well-suited for connected bone chains where the parent's tip should align with the child's base. For such rigging, standard parenting or the Armature Constraint is generally more appropriate.
Problem: Shearing occurs when copying transforms from a non-uniformly scaled parent. | Fix: When using the Copy Transforms constraint, enable the 'Remove Target Shear' option to ensure the copied transformation consists purely of translation, rotation, and scale, preventing unwanted shearing.
Problem: Blender armatures and constraints do not behave as expected when imported into Isaac Sim. | Fix: Blender's animation constraints do not always directly translate to Isaac Sim's physics engine. It is often necessary to define or re-configure joint limits and other physics properties explicitly within the USD file or through Isaac Sim's URDF/MJCF importers. Ensure that joint limits are correctly specified in the URDF's `<limit>` tags or configured via Isaac Sim's `UrdfConverterCfg` parameters.","**Door Hinge with Rotation Limits:** A common application in robotics simulation is to model articulated objects like doors or cabinet panels. Using Blender's Rigid Body Hinge Constraint, a door can be set up to rotate around a specific axis (e.g., the Z-axis of an Empty object placed at the hinge point). The 'Limits > Z Angle' parameters (Lower and Upper) can then be used to define the realistic opening and closing range, preventing the door from swinging through walls or beyond its physical limits. For instance, a door might have a rotation limit from 0 to 90 degrees, simulating a standard door opening outwards. This is crucial for environments where robots need to interact with such objects, requiring precise control over their movement range.

**Drawer with Linear Motion Limits:** For objects with linear movement, such as drawers in a cabinet or linear actuators in a robotic system, the Rigid Body Slider Constraint (or Piston Constraint for more advanced control) is ideal. By placing an Empty object along the intended path of motion and linking the drawer and cabinet to it, the 'Limits' for a specific axis (e.g., X-axis for horizontal drawer movement) can be set. This ensures the drawer only moves within its defined track, preventing it from being pulled out too far or pushed in too deep. This is particularly useful for simulating robot manipulation tasks involving opening and closing drawers or operating linear mechanisms.

**Robotic Arm Joint Limits:** Robotic arms are complex articulated systems where each joint has specific rotation limits. In Blender, these can be set using the Limit Rotation constraint on individual bones within the armature. For example, a robot's elbow joint might have a rotation limit of -120 to +120 degrees on its primary axis of rotation. If the arm uses Inverse Kinematics (IK), these limits are applied directly in the bone's IK panel. When exporting to Isaac Sim, these joint limits are critical for realistic physics simulation. They are typically defined in the URDF or MJCF file as `<limit>` tags for each joint, specifying the `lower` and `upper` bounds. Isaac Sim's physics engine then enforces these limits, ensuring the robot's movements adhere to its physical design, preventing self-collisions or unnatural poses. This also applies to grippers, where the opening and closing mechanism would have linear or rotational limits to simulate their operational range.","Tip: When using the Limit Rotation constraint, if all limits are disabled, the constraint still has the side effect of removing shearing, which can be useful for maintaining clean rotations.
Tip: For dynamic parenting or switching parents during an animation, the Child Of constraint's animatable 'Influence' property is a powerful tool, allowing smooth transitions between different parent objects or bones.
Tip: To prevent unwanted shearing when copying transforms from a non-uniformly scaled parent object, always enable the 'Remove Target Shear' option in the Copy Transforms constraint. This ensures a clean transfer of translation, rotation, and and scale without distortion.
Tip: When dealing with Rigid Body Hinge Constraints, remember that it uniquely uses the Z-axis for rotation, unlike some other single-axis rotational constraints. If your hinge isn't behaving as expected, double-check the axis orientation of your Empty constraint host.","https://docs.blender.org/manual/en/latest/animation/constraints/transform/limit_rotation.html | Limit Rotation Constraint - Blender 5.1 Manual
https://docs.blender.org/manual/en/latest/animation/constraints/transform/limit_location.html | Limit Location Constraint - Blender 5.1 Manual
https://docs.blender.org/manual/en/latest/animation/constraints/relationship/child_of.html | Child Of Constraint - Blender 5.1 Manual
https://docs.blender.org/manual/en/latest/animation/constraints/transform/copy_transforms.html | Copy Transforms Constraint - Blender 5.1 Manual
https://docs.blender.org/manual/en/latest/physics/rigid_body/constraints/types/hinge.html | Hinge Constraint - Blender 5.1 Manual
https://isaac-sim.github.io/IsaacLab/main/source/how-to/import_new_asset.html | Importing a New Asset — Isaac Lab Documentation",
"Blender USD Export for Isaac Sim: complete settings guide for File > Export > USD, what each export option does, how to handle materials, armatures/skeletons, scale units (Blender uses meters, common scale issues), axis orientation (Z-up vs Y-up), what gets lost in USD export, collision mesh export limitations, and the Omniverse Blender connector",Blender USD Export for Isaac Sim,"When exporting Universal Scene Description (USD) files from Blender for use in NVIDIA Isaac Sim, several key concepts are crucial for a successful workflow, especially in the context of robotics and articulated objects. The most significant distinction lies in how Blender and Isaac Sim handle animated structures. Blender's **Armature** system is designed for character animation and exports to USD as a **skeletal animation hierarchy** (`Skel`). This structure, while ideal for deforming a mesh, is not directly compatible with Isaac Sim's physics-based **Robot/Articulation** system. Isaac Sim requires a specific hierarchy with `UsdPhysics` schemas, including `UsdPhysicsArticulationRootAPI` on the root prim, `UsdPhysicsRevoluteJoint` or `UsdPhysicsPrismaticJoint` for joints, and `UsdPhysicsRigidBodyAPI` with mass and collision properties for each link. A direct export of a Blender armature will not create a functional robot in Isaac Sim because it lacks these essential physics definitions.

The recommended and most robust workflow is to separate the visual and physical aspects of the robot. Blender should be used for creating the high-fidelity visual meshes for each link of the robot. These meshes are then exported (often as OBJ or STL files) and referenced within a **URDF (Universal Robot Description Format)** or MJCF file. The URDF file defines the robot's kinematic and dynamic properties, including the joint hierarchy, joint types (revolute, prismatic, etc.), and link properties like mass and inertia. When this URDF is imported into Isaac Sim, the importer correctly constructs the necessary `UsdPhysics` hierarchy, creating a fully articulated and physics-enabled robot. While the Isaac Sim **Robot Wizard** can be used to add articulation to an existing USD hierarchy, it still requires the presence of properly defined joints and rigid bodies, which are most reliably created through the URDF import process.

Another critical consideration is the handling of **materials and rendering**. There are often significant discrepancies between how a model appears in Blender and how it is rendered in Isaac Sim. This is due to the different shading models used by the two applications; Blender uses its own shader system, while Isaac Sim relies on NVIDIA's MDL (Material Definition Language). While the USD exporter in Blender attempts to approximate a Principled BSDF shader to the USD Preview Surface format, complex materials will not translate perfectly. For production-quality simulations, it is best practice to re-apply materials within Isaac Sim using its library of physically-based MDL materials. This ensures that the materials behave correctly under different lighting conditions and rendering modes.

Finally, **scale and orientation** are common sources of error. Blender's default unit is meters, and its coordinate system is Z-up. While Isaac Sim also works with meters, it's crucial to ensure that the model is built to the correct real-world scale in Blender and that all transforms (rotation and scale) are applied before exporting. This can be done in Blender using the `Ctrl+A` shortcut and selecting ""All Transforms"". The USD export settings also provide options to control the up-axis and orientation, which should be configured to match the target application's conventions to avoid orientation issues.","1. **Download Custom Blender Build:** Obtain the ""Blender Alpha USD branch with Omniverse Connector"" from the NVIDIA Omniverse website. This is a specialized Blender version (e.g., 4.2.0-usd.202.1.2) with direct Omniverse integration.
2. **Open Omniverse Tab:** In the custom Blender build, open the right-hand sidebar by pressing the `N` key. Navigate to the **Omniverse** tab.
3. **Export USD:** Click the **Export USD** button within the Omniverse tab.
4. **Name File with Extension:** When saving the file, manually type the `.usd` extension at the end of your desired filename (e.g., `MyRobotModel.usd`).","Problem: Blender armatures (skeletal animation hierarchy) do not function as physics articulations in Isaac Sim. | Fix: Do not rely on Blender armatures for physics. Instead, model visuals in Blender, export meshes (e.g., OBJ/STL), and define the robot's articulation and joints using a URDF (Universal Robot Description Format) or MJCF file. Import the URDF into Isaac Sim via `File > Import > URDF` or the URDF extension. The Isaac Sim Robot Wizard can add articulation schemas, but the underlying physics joints and rigid bodies must already be present, typically from a URDF import.
Problem: Significant rendering differences, lower quality, and visual defects in Isaac Sim compared to Blender after USD export. | Fix: Basic material assignments are preserved, but for realistic simulations, replace them with Isaac Sim's native physically based materials. Navigate the Isaac Sim library to apply specific materials (e.g., ""Aluminum,"" ""Plastic,"" ""Steel"") directly to the imported USD mesh. Be aware that Isaac Sim's rendering can be unstable, and manual adjustments may be needed.
Problem: Shader incompatibility between Blender shaders and Isaac Sim's MDL shaders, leading to inconsistent material appearance. | Fix: Blender's USD exporter approximates Principled BSDF node trees to USD's Preview Surface format. For complex materials, expect to re-create or significantly adjust them within Isaac Sim using MDL shaders. The `Import USD Preview` option in Blender can convert USD Preview Surface shaders to Principled BSDF, but this can be lossy. For `opacityThreshold` (alpha clip), use specific Math node setups in Blender (Math node set to Round for 0.5 threshold, or `1 - (value < threshold)` for custom thresholds) plugged into the Alpha socket of the Principled BSDF node.","When modeling articulated objects for robotics simulation, such as a cabinet with a hinged door, the recommended workflow is to model the visual components in Blender and define the physics and articulation in a URDF file. For a cabinet, you would model the cabinet frame and the door as separate objects in Blender. The origin of the door object should be placed at the hinge point. After modeling, export the cabinet frame and door as separate mesh files (e.g., in OBJ or STL format). In the URDF file, you would define two links: one for the cabinet frame and one for the door. A revolute joint would then be defined to connect the door link to the cabinet frame link, with the joint's origin and axis of rotation corresponding to the hinge. This ensures that the door rotates correctly in the Isaac Sim physics simulation. Similarly, for a robotic gripper, each finger would be modeled as a separate object in Blender, and the joints (e.g., revolute or prismatic) would be defined in the URDF to create the articulated gripper.","Tip: Use Blender's ""Empty"" objects to visually mark and define joint locations and orientations in your scene. These can serve as precise reference points when you later create your URDF file, ensuring that joint origins and axes are correctly placed. Before exporting, you can parent the visual mesh to the empty and then apply the transform to the mesh to bake the correct orientation.
Tip: Before exporting, use the shortcut `Ctrl+A` in Object Mode and select ""All Transforms"" to apply rotation, and scale. This is a critical step to prevent unexpected scaling or orientation issues in Isaac Sim. This ensures that the object's local coordinates are aligned with the world coordinates, which is essential for predictable physics behavior.
Tip: For complex scenes, organize your objects into collections in Blender. You can then use the ""Selection Only"" option in the USD exporter to export specific collections of objects. This is particularly useful for exporting individual robot links or components of a larger scene without having to manually select each object.","https://forums.developer.nvidia.com/t/blender-to-isaac-sim/361514 | Blender to Isaac Sim - Isaac Sim - NVIDIA Developer Forums
https://forums.developer.nvidia.com/t/issues-with-usd-export-from-blender-to-isaac-sim/303343 | Issues with USD export from Blender to Isaac Sim - Isaac Sim - NVIDIA Developer Forums
https://www.youtube.com/watch?v=2nBjqnyYSbw | The COMPLETE Guide to Transferring 3D Models from Blender to NVIDIA Omniverse and Isaac Sim
https://docs.blender.org/manual/en/latest/files/import_export/usd.html | Universal Scene Description (.usd) — Blender Manual",
"Blender Mesh Cleanup for Simulation: removing duplicate vertices (Merge by Distance), fixing non-manifold geometry, checking for interior faces, removing doubles, fixing zero-area faces, N-gon to quad/triangle conversion, decimate modifier for LOD, and why clean mesh topology matters for collision detection in physics engines",Blender Mesh Cleanup for Simulation,"Clean mesh topology is crucial for effective robotics simulation and Isaac Sim workflows, particularly for accurate collision detection in physics engines. A 'manifold' mesh is a mathematical concept where objects resemble Euclidean space up close and are continuous, meaning they have a clear separation between inside and outside, enclosing a closed volume. In 3D modeling, this translates to every edge being connected to exactly two faces, ensuring a well-defined surface. Non-manifold geometry, conversely, includes issues like edges connected to more or less than two faces, internal faces, loose geometry, or normals pointing in opposite directions for adjacent faces. These problems can lead to significant issues in simulations, such as incorrect collision responses, failed Boolean operations, and difficulties with UV unwrapping or 3D printing [2].

**Duplicate vertices** occur when two or more vertices occupy the exact same spatial coordinates. While seemingly harmless, they can create unexpected behavior in simulations and make mesh editing difficult. The 'Merge by Distance' operation is designed to address this by merging vertices that are within a specified distance of each other [1].

**Non-manifold geometry** is a broad term encompassing several mesh irregularities. It's problematic because physics engines and rendering pipelines expect a mesh to represent a solid, continuous surface. When a mesh is non-manifold, it lacks this clear definition, leading to unpredictable results. Common types include internal faces (faces hidden inside the mesh), boundary edges (edges connected to only one face, like the perimeter of a plane), and 'bowties' (separate regions connected by a single vertex) [2].

**N-gons** are faces with more than four vertices. While they can simplify modeling on flat surfaces, they are generally undesirable for deformable meshes, animation, and subdivision surfaces because they don't subdivide predictably. For simulation, converting N-gons to **quads** (four-sided faces) or **triangles** (three-sided faces) is often necessary to ensure consistent mesh behavior and proper collision detection [3]. Quads are preferred for their predictable subdivision and cleaner topology, while triangles are the fundamental building blocks for rendering and physics calculations, as all polygons are ultimately triangulated by the engine [3].

The **Decimate modifier** is a powerful tool for reducing the polygon count of a mesh while preserving its overall shape. This is particularly useful for creating Levels of Detail (LODs) in simulations, where simpler meshes can be used for objects further away from the camera or for collision meshes, improving performance without sacrificing visual fidelity where it matters most [1]. Clean mesh topology is paramount for collision detection in physics engines because the engine relies on the mesh's geometric integrity to accurately calculate interactions between objects. Irregularities can cause objects to pass through each other, behave erratically, or lead to computational inefficiencies.","1.  **Removing Duplicate Vertices (Merge by Distance):**
    *   Go to Edit Mode (Tab key).
    *   Select all vertices (A key).
    *   Menu: Mesh > Clean up > Merge by Distance. Adjust the 'Merge Distance' parameter in the operator panel (usually bottom-left) to control the threshold for merging [1].

2.  **Fixing Non-Manifold Geometry:**
    *   Go to Edit Mode (Tab key).
    *   Deselect all geometry (Alt+A).
    *   Menu: Select > Select All by Trait > Non-manifold Geometry. This will highlight all non-manifold parts of your mesh [2].
    *   Examine the selected areas. Depending on the issue:
        *   **Loose Geometry:** Select the loose vertices/edges/faces and delete them (X key) or separate them (P key) if they are intended to be a different object [2].
        *   **Interior Faces:** Select the interior faces (Menu: Select > Select All by Trait > Interior Faces) and delete them (X key) [2].
        *   **Boundary Edges:** For open boundaries, consider applying a Solidify modifier or extruding the edges inwards to create volume (E key) [2].
        *   **Flipped Normals:** Select all faces (A key) and recalculate normals outside (Menu: Mesh > Normals > Recalculate Outside or Shift+N) [2].

3.  **Converting N-gons to Quads/Triangles:**
    *   Go to Edit Mode (Tab key).
    *   Select the mesh or specific N-gons.
    *   **To Triangulate:** Menu: Face > Triangulate Faces (or Ctrl+T) [3].
    *   **To Convert Tris to Quads:** After triangulating, with the mesh still selected, Menu: Face > Tris to Quads (or Alt+J) [3].
    *   **To Select N-gons:** Menu: Select > Select All by Trait > Select Faces by Sides. In the operator panel, set 'Type' to 'Greater than' and 'Number of Vertices' to 4 to select N-gons [3].

4.  **Using the Decimate Modifier for LOD:**
    *   In Object Mode, select your mesh.
    *   Go to the Modifiers tab (wrench icon in Properties panel).
    *   Add Modifier > Decimate [1].
    *   Choose 'Collapse' mode.
    *   Adjust the 'Ratio' parameter to reduce the face count. A ratio of 0.4 will reduce the triangle count to 40% of the original. This is a non-destructive operation, meaning you can adjust or remove it at any time [1].","Problem: Mesh contains duplicate vertices that can cause rendering issues or problems in simulation. | Fix: Use 'Merge by Distance' (formerly 'Remove Doubles') in Edit Mode to merge vertices within a specified distance. Menu: Mesh > Clean up > Merge by Distance [1] [2].
Problem: Non-manifold geometry, such as edges connected to more or less than two faces, internal faces, boundary edges, or loose geometry, which can cause issues with UV unwrapping, Boolean operations, 3D printing, and fluid simulations. | Fix: In Edit Mode, use 'Select > All by Trait > Non-manifold Geometry' to identify problem areas. Then, use Blender's modeling tools (delete 'x', separate 'p', fix normals 'Ctrl+N', merge vertices 'Alt+M') to correct them. Interior faces can be deleted directly. Boundary edges can be fixed by applying a Solidify modifier or extruding inwards to create volume [2].
Problem: N-gons (faces with more than four vertices) are present, which can lead to issues with animation, subdivision surfaces, and certain simulation types. | Fix: Convert N-gons to triangles first using 'Face > Triangulate Faces' (or 'Ctrl+T'), then convert triangles to quads using 'Face > Tris to Quads'. This process may not convert all faces perfectly to quads but significantly reduces manual cleanup [3].","For robotics simulation, particularly in environments like Isaac Sim, clean mesh topology is critical for the accurate behavior of articulated objects. Consider a robotic arm with multiple joints: each link of the arm, as well as the gripper, must have a manifold mesh. If a gripper jaw has internal faces or non-manifold edges, it might incorrectly intersect with objects it's supposed to grasp, or its collision with other parts of the robot or environment could be miscalculated, leading to unrealistic or unstable simulations. Similarly, for articulated objects like doors or cabinets, the individual components (door panel, hinges, cabinet frame) need to be manifold. A door with duplicate vertices along its edges might cause glitches when it rotates on its hinge, or a cabinet with zero-area faces could lead to unexpected physics interactions when another object collides with it. The decimate modifier is especially useful for creating simplified collision meshes for complex robotic components. For instance, a detailed robot arm model might have millions of polygons for rendering, but a much simpler, decimated version can be used for collision detection to improve simulation performance without affecting visual quality. This is crucial for real-time interaction and accurate force feedback in robotic control simulations.","Tip: Use the Mesh Lint addon to highlight all kinds of mesh problems in real-time, helping to catch issues as you work [2].
Tip: When converting N-gons to quads, if the automatic conversion isn't perfect, it still provides a good starting point, significantly reducing manual cleanup [3].
Tip: For quick renders or non-deforming surfaces, N-gons might be acceptable, but for animation, subdivision, or simulation, quads are preferred [3].","https://docs.blender.org/manual/en/latest/modeling/meshes/editing/mesh/cleanup.html | Clean Up - Blender 5.1 Manual
https://sinestesia.co/blog/tutorials/non-manifold-meshes-and-how-to-fix-them/ | What is a non-manifold mesh and how to fix it - Sinestesia
https://iamlukeb.com/how-to-quickly-easily-convert-ngons-to-quads-tris-blender-3d/ | How to Quickly and Easily Convert N-gons to Quads or Tris in Blender 🙃",
"Blender Snapping System: complete guide to snap modes (vertex, edge, face, grid, increment), snap during transform, snap to symmetry, using snapping to align objects precisely, snapping one object's origin to another object's vertex, and practical workflows for precisely positioning mechanical parts relative to each other",Blender Snapping System: A Comprehensive Guide for Robotics Simulation,"The Blender Snapping System is a fundamental feature designed to enhance precision and efficiency in 3D modeling and object manipulation. It allows users to accurately align objects and mesh elements to various targets within the 3D viewport. The core functionality revolves around two main settings: **Snap Base** and **Snap Target**. The Snap Base determines which point of the geometry will be used for snapping, offering options such as **Closest** (snapping the nearest bounding box corner or vertex), **Center** (using the object's pivot point, often in conjunction with the 3D Cursor for manual placement), **Median** (averaging the position of selected origins or vertices), and **Active** (using the origin or center of the active element). These options provide flexibility in how an object or selection interacts with the snap target.

Complementing the Snap Base, the **Snap Target** defines what the selection will snap *to*. Available targets include **Increment** (snapping to an imaginary grid based on scene units), **Grid** (snapping to the visible viewport grid), **Vertex** (snapping to the closest vertex), **Edge** (snapping to the closest edge), and **Face** (snapping to the surface of a face, particularly useful for retopology). More specialized targets like **Volume** allow snapping to the interior depth of an object, ideal for positioning elements like armatures within a character's limb. Further refinements include **Edge Center**, **Edge Perpendicular**, and **Face Center** for more granular control over snapping points on edges and faces. Multiple snapping modes can be activated simultaneously by holding Shift while selecting them, enabling complex alignment scenarios.

Beyond basic snapping, Blender offers advanced options under **Snap Target for Individual Elements**, such as **Face Project** and **Face Nearest**, which dictate how individual objects or vertices snap to faces, even allowing for snapping to occluded geometry with Face Nearest. The **Target Selection** options provide further control, including **Align Rotation to Target**, which automatically aligns the Z-axis of the selection to the normal of the target, crucial for mating surfaces. Other settings like **Backface Culling**, **Include Active/Edited/Non-Edited**, and **Exclude Non-Selectable** refine which elements are considered for snapping. The **Absolute Increment Snap** ensures snapping directly to grid points rather than just increments, and **Snap Peel Object** (for Volume snapping) treats complex objects as a single cohesive unit. The **Affect** setting allows users to specify whether snapping applies to Move, Rotate, or Scale transformations, providing comprehensive control over object manipulation. Finally, **Snap to Symmetry** is a powerful tool in Edit Mode that corrects approximate symmetry by matching and repositioning vertex pairs, differing from Symmetrize which mirrors one half of a mesh. This is particularly useful for maintaining mesh integrity after accidental symmetry breaks during modeling. Understanding these interconnected features is key to achieving precise and efficient workflows in Blender, especially for technical applications like robotics simulation where exact positioning and alignment are paramount for functional models.","1.  **Enabling Snapping:**
    *   Click the magnet icon in the 3D Viewport header (top center).
    *   Alternatively, press `Shift + Tab`.

2.  **Setting Snap Base (Determines *what* snaps):**
    *   Click the dropdown menu next to the magnet icon.
    *   Select one of the following options:
        *   **Closest:** Snaps the nearest bounding box corner (Object Mode) or vertex (Edit Mode) to the target.
        *   **Center:** Uses the object's pivot point. Useful with the 3D Cursor.
        *   **Median:** Uses the average position of selected origins (Object Mode) or vertices (Edit Mode).
        *   **Active:** Uses the origin (Object Mode) or center (Edit Mode) of the active element.
    *   Shortcut: `Shift + Ctrl + Tab` to cycle through Snap Base options.

3.  **Setting Snap Target (Determines *where* to snap):**
    *   Click the dropdown menu next to the magnet icon.
    *   Select one of the following options:
        *   **Increment:** Snaps to an imaginary grid based on scene units.
        *   **Grid:** Snaps to the visible viewport grid.
        *   **Vertex:** Snaps to the vertex closest to the mouse cursor.
        *   **Edge:** Snaps to the edge closest to the mouse cursor.
        *   **Face:** Snaps to the surface of the face under the mouse cursor.
        *   **Volume:** Snaps to the depth centered *inside* the object under the cursor.
        *   **Edge Center:** Snaps to the centerpoint of the closest edge.
        *   **Edge Perpendicular:** Snaps to a point on the edge perpendicular to the selection's original location.
        *   **Face Center:** Snaps to the centerpoint of the face under the mouse cursor.
    *   Multiple snap targets can be enabled simultaneously by holding `Shift` and clicking them.

4.  **Snapping During Transform (Move, Rotate, Scale):**
    *   Ensure snapping is enabled (magnet icon).
    *   Select the object(s) or element(s) to transform.
    *   Press `G` for Grab (Move), `R` for Rotate, or `S` for Scale.
    *   While transforming, the selection will snap to the chosen target based on the selected Snap Base.
    *   To temporarily enable snapping during a transform, hold `Ctrl`.

5.  **Aligning Rotation to Target:**
    *   In the Snapping options dropdown, under ""Target Selection,"" check **Align Rotation to Target**.
    *   This will rotate the selected object so its Z-axis aligns with the normal of the target surface during snapping.

6.  **Snapping One Object's Origin to Another Object's Vertex:**
    *   In the 3D Viewport, go to **Options** (top right corner).
    *   Under the ""Transform"" section, check the box for **Origins**.
    *   Enable snapping (magnet icon) and set the Snap Target to **Vertex**.
    *   Select the object whose origin you want to move.
    *   Press `G` (Grab/Move) and drag the object. Its origin will snap to the desired vertex on another object.

7.  **Setting Object Origin to 3D Cursor:**
    *   Position the 3D Cursor precisely: `Shift + Right-click` and drag to place it, or select a vertex/face/edge in Edit Mode and press `Shift + S` > `Cursor to Selected`.
    *   In Object Mode, go to **Object** (top left menu) > **Set Origin** > **Origin to 3D Cursor**.

8.  **Using Snap to Symmetry (Edit Mode):**
    *   In Edit Mode, select the mesh elements you want to symmetrize.
    *   Go to **Mesh** (top menu) > **Snap to Symmetry**.
    *   In the Operator panel (usually bottom left), adjust **Direction** (e.g., -X to +X), **Threshold**, **Factor**, and **Center** to achieve the desired symmetry correction.","Problem: Snapping not working consistently or at all. | Fix: Ensure snapping is enabled (magnet icon in 3D Viewport header). Check the selected Snap Base and Snap Target settings to ensure they are appropriate for the desired operation. Sometimes, restarting Blender or resetting preferences can resolve persistent issues.
Problem: Object origin is not snapping to the desired vertex, or the entire object moves instead of just the origin. | Fix: When setting the origin to a vertex, ensure that the 'Origins' checkbox is enabled under the 'Transform' section of the Options menu (top right of the 3D viewport). This allows the origin point itself to be manipulated and snapped.
Problem: Snapping to an incorrect part of the target object, or snapping to occluded geometry. | Fix: Adjust the 'Snap Base' setting (e.g., from 'Closest' to 'Active' if you want to snap based on a specific element). For face snapping, consider using 'Face Project' or 'Face Nearest' under 'Snap Target for Individual Elements' and toggle 'Backface Culling' to exclude snapping to hidden faces.
Problem: Difficulty achieving perfect symmetry after modeling. | Fix: Use the 'Snap to Symmetry' tool in Edit Mode (Mesh > Snap to Symmetry). This tool repositions vertices to achieve perfect symmetry based on a defined axis and threshold, unlike 'Symmetrize' which deletes and mirrors geometry.
Problem: Objects are snapping in position but not aligning rotationally with the target surface. | Fix: In the Snapping options dropdown, under 'Target Selection', enable 'Align Rotation to Target'. This will align the Z-axis of the moving object to the normal of the target surface during the snap operation.","The Blender Snapping System is invaluable for creating and assembling robotic models and articulated objects for simulation environments like Isaac Sim, where precise alignment and functional joints are critical. For instance, when modeling a **robotic arm**, the accurate placement of each joint (e.g., shoulder, elbow, wrist) is paramount. Using **Vertex snapping** with the **Active** snap base, a designer can precisely align the origin of a new arm segment to a specific vertex on the previous segment, ensuring that rotation pivots are correctly positioned. This is particularly useful when constructing complex kinematic chains, where each link needs to rotate around a specific point relative to its parent. Similarly, when attaching a **gripper** to the end effector of a robotic arm, **Face snapping** can be used to ensure the gripper's mounting surface is perfectly flush with the arm's attachment point. By enabling **Align Rotation to Target**, the gripper will automatically orient itself to match the normal of the arm's surface, preventing misalignment and ensuring proper contact.

For articulated objects like **doors or cabinets**, snapping facilitates the creation of functional hinges. The origin of a door object can be snapped to a vertex representing the hinge pivot on the door frame. By setting the Snap Base to **Center** and using the **3D Cursor** to define the exact hinge axis, the door will rotate correctly around its intended pivot. When assembling modular components, such as different sections of a **conveyor belt system**, **Increment snapping** can be used to ensure consistent spacing between segments, while **Edge snapping** can align the edges of adjacent modules perfectly. For intricate mechanical parts with interlocking features, **Face Nearest** snapping can be employed to bring components into close proximity, even if they are initially occluded, allowing for fine-tuning of their fit. The **Snap to Symmetry** tool is also crucial for robotics, especially when designing symmetrical components like chassis or sensor mounts. If a component is modeled with approximate symmetry, this tool can correct minor deviations, ensuring that mirrored parts are perfectly identical, which is essential for balanced and predictable robotic behavior in simulations.","Tip: Temporarily enable snapping during a transform operation by holding down the `Ctrl` key. This allows for quick, on-the-fly precise adjustments without constantly toggling the snapping icon.
Tip: When using the 'Center' Snap Base, leverage the 3D Cursor for ultimate control over the snapping point. Position the 3D Cursor precisely (e.g., `Shift + Right-click` or `Shift + S` > `Cursor to Selected` in Edit Mode) and then snap to the 3D Cursor, effectively making it a custom snap point.
Tip: Enable multiple snapping modes simultaneously by holding `Shift` while selecting different options in the Snap Target dropdown. This can be powerful for complex alignment scenarios, such as snapping to both vertices and edges at the same time.
Tip: For precise origin placement, especially for articulated parts, enable 'Origins' under the 'Transform' section in the 3D Viewport's Options menu. This allows you to move and snap only the object's origin, independent of its geometry, which is crucial for correct pivot points in robotics.
Tip: Utilize 'Align Rotation to Target' in the Snapping options when mating surfaces. This automatically aligns the Z-axis of the moving object to the normal of the target surface, ensuring flush and accurate connections for mechanical assemblies.","https://docs.blender.org/manual/en/latest/editors/3dview/controls/snapping.html | Snapping - Blender 5.1 Manual
https://www.youtube.com/watch?v=3D1mlPiKG5c | Set Origin to vertex and 3D cursor in Blender 2.93 - YouTube
https://thecgessentials.com/getting-started-with-snapping-in-blender-snapping-tools-tutorial/ | Getting Started with SNAPPING in Blender! Snapping Tools Tutorial | The CG Essentials
https://docs.blender.org/manual/en/latest/modeling/meshes/editing/mesh/snap_symmetry.html | Snap to Symmetry - Blender 5.1 Manual",
"Blender Collections and Scene Organization for Robotics: using collections as layers, linking vs appending assets, collection instances for repeated parts (like tank treads or multiple identical joints), organizing a complex robot scene with multiple collections, using outliner to manage hierarchy, hiding/showing collections for different export passes",Blender Collections and Scene Organization for Robotics,"Collections in Blender serve as fundamental organizational units, allowing users to group objects logically without establishing a direct transformational parent-child relationship [1]. This is crucial for managing complex scenes, especially in robotics simulation where numerous components, sensors, and environmental elements need structured arrangement. Collections facilitate visibility control, rendering management, and efficient data transfer between Blender files through linking and appending [1]. The Outliner is the primary interface for managing these collections and their contents, providing a hierarchical view of the scene [2] [3].

Unlike parenting, which creates a direct hierarchical link where a parent object dictates the transformation of its children, collections offer a more flexible grouping mechanism. Objects can belong to multiple collections simultaneously, enabling diverse organizational strategies for different workflows or export requirements [1] [3]. For instance, a robot arm's base might be in a 'Structure' collection and also in a 'Collision Mesh' collection for simulation purposes. Collection instances are a powerful feature for duplicating entire groups of objects, where changes to the original collection propagate to all instances, making them ideal for repeated parts like tank treads, identical joints, or modular robot components [1]. This instancing mechanism is highly efficient for memory usage and simplifies iterative design processes.

Scene organization extends beyond just collections to include parenting, joining/separating meshes, and strategic use of viewport visibility settings. Parenting is essential for articulated objects, establishing kinematic chains where a parent's movement affects its children (e.g., a robot arm's base parenting its first joint) [2] [3]. Joining meshes (Ctrl+J) can consolidate static parts into a single object, while separating (P in Edit Mode) allows for breaking them apart [2]. Effective use of the Outliner's restriction toggles (selectability, viewport visibility, render visibility) and viewport shading options (random colors) further enhances workflow efficiency by allowing users to focus on specific parts of a scene or hide irrelevant elements during different stages of development [2] [3]. These organizational principles are vital for creating clean, manageable, and performant 3D assets for robotics simulation environments like Isaac Sim.","1.  **Creating a New Collection:**
    *   In the Outliner (top right corner by default), click the `+` icon next to 'Scene Collection' or right-click in the Outliner and select `New Collection` [3].
    *   Alternatively, select object(s) in the 3D Viewport, press `M`, and choose `New Collection` from the pop-up menu [2] [3].
2.  **Moving Objects to a Collection:**
    *   **Using Outliner:** Drag and drop the object(s) from their current location into the target collection in the Outliner [2] [3].
    *   **Using Shortcut:** Select the object(s) in the 3D Viewport, press `M`, and select the desired collection from the list or create a new one [2] [3].
3.  **Linking Objects to Multiple Collections:**
    *   Select the object(s), press `Shift-M`, and choose an additional collection to link to. This keeps the object in its original collection(s) while adding it to another [1].
4.  **Renaming Collections/Objects:**
    *   Double-click the name in the Outliner [2] [3].
    *   Alternatively, select the item and press `F2` [2].
5.  **Nesting Collections:**
    *   Drag and drop a collection onto another collection in the Outliner to create a parent-child relationship between collections [3].
6.  **Deleting Collections:**
    *   **Delete Collection (keep objects):** Select the collection in the Outliner and press `Delete` or `X`. The objects within will be moved to the parent collection (or Scene Collection) [3].
    *   **Delete Collection and Objects:** Right-click the collection in the Outliner and select `Delete Hierarchy` [3].
7.  **Controlling Visibility (Outliner Restriction Toggles):**
    *   Click the `Filter` (funnel) icon in the Outliner header to enable restriction toggles [2] [3].
    *   **Selectability (Cursor Icon):** Click to toggle selection in the 3D Viewport [2] [3].
    *   **Viewport Visibility (Eye Icon):** Click to toggle visibility in the 3D Viewport (still renders) [3].
    *   **Disable in Viewports (Monitor Icon):** Click to toggle visibility in the 3D Viewport (persists across linked files) [3].
    *   **Render Visibility (Camera Icon):** Click to toggle visibility in final renders (still visible in viewport) [3].
    *   **Include (Checkbox):** Toggles complete inclusion/exclusion from the active View Layer, affecting viewport and render [1] [3].
8.  **Creating Collection Instances:**
    *   Select the collection you want to instance in the Outliner. Go to `Add > Collection Instance` in the 3D Viewport menu, or `Shift-A > Collection Instance` [1].
    *   To move an instance, select the instance object in the 3D Viewport and use standard transform tools (G for Grab, R for Rotate, S for Scale) [4].
    *   To change the origin of a collection instance, go to `Object Properties > Collections` and use `Set Offset from Cursor` [4].
9.  **Parenting Objects:**
    *   Select child object(s), then `Shift-click` the parent object (last selected is active). Press `Ctrl + P` and choose `Object (Keep Transform)` [2] [3].
    *   To clear parenting, select child object(s) and press `Alt + P` [2].
10. **Joining/Separating Meshes:**
    *   **Join:** Select multiple mesh objects, press `Ctrl + J` [2].
    *   **Separate:** In Edit Mode (`Tab`), select parts, press `P`, and choose `By Loose Parts` [2].
11. **Using Empties for Control:**
    *   Add an Empty (`Shift-A > Empty > Plain Axes`). Position it as a central controller. Select all objects to be controlled, then select the Empty last. Parent them (`Ctrl + P > Object`) [2].
12. **Local View (Isolating Objects):**
    *   Select object(s) in the 3D Viewport and press `Numpad /` to isolate them. Press `Numpad /` again to exit [2].","Problem: Deleting a collection accidentally deletes its contents from the scene. | Fix: When deleting a collection from the Outliner, pressing `Delete` or `X` only removes the collection *folder*, moving its contents to the parent collection. To delete the collection *and* its objects, right-click the collection and select `Delete Hierarchy` [3].
Problem: Unable to select an object in the 3D Viewport. | Fix: Check the Outliner's restriction toggles. The `Selectability` (cursor icon) for the object or its parent collection might be disabled. Enable it to make the object selectable [2] [3].
Problem: Changes made to a collection instance are not reflected in other instances. | Fix: Collection instances are linked duplicates. To modify all instances, you must edit the *original* collection or the objects within it. The instances themselves cannot be directly edited as unique objects without making them real (`Object > Apply > Make Instances Real`) [1].
Problem: Objects are visible in the viewport but not in the final render. | Fix: Check the Outliner's restriction toggles. The `Render Visibility` (camera icon) for the object or its parent collection might be disabled. Enable it for rendering [3].
Problem: Objects are not moving together as expected after parenting. | Fix: Ensure the child objects were selected *before* the parent object when applying the `Ctrl + P` command. Also, verify that the parent-child relationship is correctly established in the Outliner hierarchy [2] [3].
Problem: When joining multiple objects, the origin point is not where expected. | Fix: When using `Ctrl + J` to join objects, the origin of the *last selected (active)* object becomes the origin of the newly joined mesh. To control the origin, ensure the desired object is the active selection before joining [2].","In robotics simulation, effective scene organization is paramount for creating functional and manageable models. For a **robot arm**, each link (e.g., base, shoulder, upper arm, forearm, wrist, gripper) should be an individual object. These objects are then organized into collections based on their function or kinematic chain. For example, a 'Base' collection, a 'Shoulder_Assembly' collection, and a 'Gripper_Mechanism' collection. Within the 'Shoulder_Assembly', the shoulder joint object would parent the upper arm object, and so on, establishing the kinematic hierarchy [2] [3].

**Collection instances** are particularly useful for components that are repeated, such as the individual treads of a **tank robot** or the fingers of a **complex gripper**. Instead of duplicating each tread segment individually, a single tread segment (or a small group of segments) can be placed in a collection, and then this collection can be instanced multiple times along the tank's track. Any modification to the original tread segment (e.g., changing its material, adding detail) will automatically update across all instanced treads, saving significant modeling time and reducing file size [1]. Similarly, for a **cabinet with multiple identical drawers**, each drawer can be a collection instance, allowing for easy modification of all drawers by editing just one.

**Hiding/showing collections for different export passes** is crucial for simulation workflows. For instance, a robot model might have a 'Visual Mesh' collection (high-detail meshes for rendering) and a 'Collision Mesh' collection (simplified meshes for physics simulation). By toggling the visibility of these collections, a user can export only the necessary meshes for a specific purpose. For example, to export for visual rendering, only the 'Visual Mesh' collection is visible. To export for collision detection in Isaac Sim, only the 'Collision Mesh' collection is visible [1]. This prevents exporting unnecessary data and ensures the simulation environment receives optimized assets.

**Organizing a complex robot scene** might involve a top-level 'Robot_Assembly' collection. Inside, there could be 'Arm_Left', 'Arm_Right', 'Torso', 'Head', and 'Base' collections. Each of these could contain further nested collections for sub-components (e.g., 'Arm_Left' contains 'Upper_Arm_Left', 'Forearm_Left', 'Hand_Left'). Sensors (cameras, LiDAR) could be in a separate 'Sensors' collection, and environmental elements (ground plane, obstacles) in an 'Environment' collection. This hierarchical structure, managed through the Outliner, makes it easy to navigate, select, and modify specific parts of the robot or scene [2] [3].","Tip: Use `Shift + G` (Select Grouped) and choose `Collection` to quickly select all objects within the same collection as the currently selected object. This is faster than manually selecting each object in the Outliner or 3D Viewport [2].
Tip: Utilize `Numpad /` (forward slash) to enter and exit Local View. This isolates selected objects, hiding everything else in the scene, which is incredibly useful for focusing on detailed work on complex robot components without visual clutter [2].
Tip: For temporary visual organization without affecting renders, set the Viewport Shading `Color` option to `Random`. This assigns a distinct random color to each object, making it easy to differentiate them in the 3D Viewport [2].
Tip: When creating a new collection, if you have objects selected, pressing `M` and choosing `New Collection` will automatically move those selected objects into the newly created collection [2] [3].
Tip: Use `Empties` as central controllers for groups of objects that need to be moved or rotated together but don't have a natural parent-child mesh relationship. Parent all relevant objects to an Empty, then manipulate the Empty [2].
Tip: To quickly find specific objects or collections in a large scene, use the search bar at the top of the Outliner [3].","https://docs.blender.org/manual/en/latest/scene_layout/collections/collections.html | Collections - Blender 5.1 Manual
https://www.youtube.com/watch?v=gI_Kgclc8LY | How To Organize In Blender 2.9 / 3.0 | Learn Through Precision Modeling | Part- 29 - YouTube
https://www.youtube.com/watch?v=ph6QUXNq5aE | How to Use Blender's Outliner and Collections (Tutorial) - YouTube
https://blender.stackexchange.com/questions/137523/how-can-i-change-the-origin-of-a-collection-instance | How can I change the Origin of a Collection Instance?",
"Blender to URDF workflow for Isaac Sim: how to structure a Blender file so it exports cleanly to URDF, joint naming conventions, link naming, setting up collision meshes as separate objects, the phobos addon for URDF export from Blender, common URDF import errors in Isaac Sim and how to fix them in Blender before export",Blender to URDF Workflow for Isaac Sim,"The process of transferring a robot model from Blender to Isaac Sim for robotics simulation is complex due to fundamental differences in how each software handles articulated structures. Blender's armature system is primarily designed for skeletal animation, where bones are used to deform meshes for visual effects. In contrast, Isaac Sim's robotics simulation environment relies on a physics articulation system, which requires a specific Universal Scene Description (USD) schema that includes an articulation root (`UsdPhysicsArticulationRootAPI`), physics joints (`UsdPhysicsRevoluteJoint`, `UsdPhysicsPrismaticJoint`), and rigid bodies (`UsdPhysicsRigidBodyAPI`) with defined mass and collision properties. Simply exporting a Blender armature as a USD will result in a skeletal animation hierarchy that Isaac Sim will not recognize as a controllable robot with working joints [1].

The recommended workflow involves using Blender for creating the visual geometry and meshes of the robot, and then defining the robot's kinematic and dynamic properties using a Universal Robot Description Format (URDF) file. The URDF acts as the blueprint for the robot's structure, specifying its links (rigid parts), joints (connections between links), and their respective properties like axes of motion, limits, and inertial characteristics. Isaac Sim's URDF importer then translates this URDF into the necessary USD physics articulation [1].

Tools like the Phobos add-on for Blender streamline this process by providing functionalities to set up kinematic models, auto-generate collision models, and define inertials directly within Blender, which can then be exported to URDF. Phobos helps bridge the gap by allowing users to define URDF-specific properties on Blender objects and bones, which are then correctly interpreted during the URDF export [2].

Key aspects of a successful Blender to URDF workflow include proper structuring of the Blender file, adherence to naming conventions, and careful setup of collision and inertial properties. Collision meshes, for instance, should be defined as separate objects and can be simplified (e.g., using primitive shapes like boxes or cylinders) to reduce computational load during simulation. Naming conventions are crucial, as special characters in link, joint, or mesh names can cause import errors in Isaac Sim, often leading to them being replaced by underscores, which can further complicate identification and debugging [3]. The overall goal is to create a URDF that accurately represents the robot's physical properties and allows for realistic simulation and control within Isaac Sim.","1.  **Prepare Blender Scene:**
    *   Open Blender and delete any default objects (e.g., camera, light, cube) to start with a clean workspace.
    *   Model the individual components of your robot (e.g., chassis, arm segments, wheels, gripper fingers) as separate mesh objects.
2.  **Set Phobos Type for Visuals:**
    *   Select the mesh objects that represent the visual components of your robot.
    *   Navigate to the Phobos tab in Blender's properties panel.
    *   Click **Set Phobos Type** and choose **Visual**.
3.  **Define Geometry for Visuals:**
    *   With the visual mesh objects selected, click **Define Geometry**.
    *   Choose the appropriate geometry type for each mesh (e.g., **Box**, **Cylinder**, or **Mesh**). For simpler shapes, prefer primitives like Box or Cylinder for better performance.
4.  **Establish Kinematic Hierarchy (Parenting):**
    *   Parent the visual objects to each other to create a basic hierarchical structure. For example, parent a wheel mesh to a chassis mesh.
    *   Select the child object first, then the parent object, and press `Ctrl + P` > **Object**.
5.  **Create Links (Bones) with Phobos:**
    *   Select a visual body part (e.g., the chassis).
    *   In the Phobos tab, click **Create Link**. This will generate a bone (armature) associated with that part.
    *   Repeat this for all major rigid components of your robot.
6.  **Parent Visuals to Links (Bones):**
    *   Select a visual object (e.g., a wheel mesh).
    *   Then, select its corresponding newly created bone (link).
    *   Press `Ctrl + P` and **select ""Bone Relative""**. This is crucial for correct URDF export.
7.  **Establish Link Hierarchy:**
    *   Parent the child links (bones) to their respective parent links (bones) to form the robot's kinematic tree.
    *   For example, parent the wheel link to the chassis link.
8.  **Name the Robot Model:**
    *   Select the topmost parent link (bone) of your robot.
    *   In the Phobos tab, give your robot a descriptive name (e.g., ""MyRobot""). The icon of this root node will change to a wrench.
9.  **Define Joints with Phobos:**
    *   Select a link (bone) that will act as the child in a joint.
    *   In the Phobos tab, click **Define Joints**.
    *   Choose the **Joint Type** (e.g., ""Continuous"" for wheels, ""Revolute"" for a robot arm joint, ""Prismatic"" for a linear actuator).
    *   Set **Joint Limits** (max effort, max velocity, minimum/maximum rotation or translation limits).
    *   You can test joint constraints by entering **Pose Mode** (`Ctrl + Tab`), selecting the joint, and rotating it (`R`).
10. **Create Collision Objects:**
    *   Select all visual mesh objects.
    *   In the Phobos tab, click **Create Collision Objects**. Phobos will automatically generate bounding shapes (e.g., boxes, cylinders) around them.
    *   **Manual Adjustment (if needed):** If auto-generated collision shapes are not optimal, select them and use Blender's transform tools (`G` for grab, `S` for scale, `R` for rotate) to adjust their size and position to accurately represent the collision boundaries.
11. **Create Inertial Objects:**
    *   (Optional but recommended) Hide collision objects (`H`) for better visibility of visual meshes.
    *   Select the visual mesh objects.
    *   In the Phobos tab, click **Create Inertial Objects**.
    *   Enter the **Mass** for each object. Phobos will generate small boxes representing the inertia.
    *   (Advanced) Manually adjust the 3x3 inertia matrix values in the object's custom properties if precise control is needed.
12. **Export to URDF:**
    *   Ensure all collision objects are unhidden (`Alt + H`) before export.
    *   In the Phobos tab, locate the export options (usually under a section like ""Export"").
    *   Select **URDF** as the export format and specify the output directory and filename.
    *   Phobos will generate the URDF file and associated mesh files (e.g., STL, OBJ).
13. **Import into Isaac Sim:**
    *   Open Isaac Sim.
    *   Go to **File > Import > URDF** (or use the URDF extension).
    *   Select the generated URDF file.
    *   Configure import settings as needed (e.g., `fix_base`, `merge_fixed_joints`, `joint_drive` parameters).
    *   Observe the imported robot in Isaac Sim. If issues arise, refer to common mistakes and fixes.","Problem: Blender Armatures (skeletal animation) do not translate to Isaac Sim's physics articulations. | Fix: Use URDF to define the robot's articulation (links, joints, rigid bodies) and use Blender primarily for visual geometry. Isaac Sim's URDF importer will create the necessary physics articulation. | Problem: Special characters (like '/') in link, joint, or mesh names cause import errors in Isaac Sim. | Fix: Avoid special characters in names. The Isaac Sim URDF importer will replace them with underscores, which can lead to issues if the modified name starts with an underscore. It's recommended to make these naming changes directly in the URDF or Blender before export. | Problem: Visual objects are not correctly parented to bones/links for URDF export using Phobos. | Fix: When parenting a visual object to a bone/link, you *must* use the ""Bone Relative"" option (`Ctrl + P` > Bone Relative). Other parenting methods will not work correctly for URDF export. | Problem: URDF import fails due to issues with mesh files or their paths. | Fix: Ensure mesh file paths are correct and accessible. Check for issues like incorrect file extensions or missing mesh files. | Problem: Robot model ""blows up"" or behaves unstably after importing into Isaac Sim. | Fix: This often indicates self-collisions in the URDF. Update to Isaac Sim 4.5.0 or later and consider disabling self-collisions for problematic links in the URDF.","When designing a robot arm in Blender for Isaac Sim, each segment of the arm (e.g., shoulder, upper arm, forearm, wrist, gripper fingers) would be modeled as a separate visual mesh. Using Phobos, each of these visual meshes would be associated with a 'link' in the URDF. The joints connecting these segments (e.g., shoulder pitch, elbow yaw, wrist roll) would be defined as 'revolute' joints with specific axes of rotation and joint limits. For a mobile robot with wheels, the chassis would be a main link, and each wheel would be a separate link connected to the chassis via 'continuous' or 'revolute' joints, allowing for continuous rotation. Collision meshes for the robot arm could be simplified boxes or cylinders enveloping the visual meshes, while for a gripper, individual collision meshes for each finger would ensure proper interaction with objects. For a cabinet with doors, the cabinet body would be the base link, and each door would be a separate link connected by a 'revolute' joint, with defined joint limits to simulate the opening and closing mechanism. Similarly, for a drawer, a 'prismatic' joint would define its linear motion. These examples highlight the importance of correctly defining links, joints, and their properties in Blender using tools like Phobos to generate a functional URDF for Isaac Sim.","Tip: Use primitive shapes (Box, Cylinder) for collision models whenever possible, as they are computationally less expensive than complex meshes. | Tip: Manually adjust auto-generated collision shapes by grabbing, scaling, and rotating them to fit the visual model precisely. | Tip: After using an operator in Phobos, ""finish"" the operation by hitting `A` (to deselect) or running another operation to avoid the ""Operator Re-execution"" bug, which can overwrite new changes. | Tip: When defining geometry in Phobos, verify the object type by checking the custom Phobos information in the right-hand properties panel (orange square icon > Object Properties). | Tip: To test joint limits, enter Pose Mode (`Ctrl + Tab`), select a link, and press `R` to rotate; the object should stop at the defined limits. | Tip: Ensure all collision objects are unhidden (`Alt + H`) before exporting, as hidden objects will be ignored by the exporter.","https://forums.developer.nvidia.com/t/blender-to-isaac-sim/361514 | Blender to Isaac sim - NVIDIA Developer Forums
https://www.youtube.com/watch?v=CrMvtlZl3LI | From Blender to URDF with Phobos - Setting up the model (Part 2) - YouTube
https://isaac-sim.github.io/IsaacLab/main/source/how-to/import_new_asset.html | Importing a New Asset — Isaac Lab Documentation
https://docs.robotsfan.com/isaacsim/5.0.0/importer_exporter/ext_isaacsim_asset_importer_urdf.html | URDF Importer Extension — Isaac Sim Documentation",
